0 verbose cli /Users/nikhilvadhawana/.nvm/versions/node/v20.10.0/bin/node /Users/nikhilvadhawana/.nvm/versions/node/v20.10.0/bin/npm
1 info using npm@10.2.3
2 info using node@v20.10.0
3 timing npm:load:whichnode Completed in 1ms
4 timing config:load:defaults Completed in 0ms
5 timing config:load:file:/Users/nikhilvadhawana/.nvm/versions/node/v20.10.0/lib/node_modules/npm/npmrc Completed in 0ms
6 timing config:load:builtin Completed in 1ms
7 timing config:load:cli Completed in 1ms
8 timing config:load:env Completed in 1ms
9 timing config:load:file:/Users/nikhilvadhawana/Documents/Codex/2026-05-10/build-a-production-grade-next-js/.npmrc Completed in 0ms
10 timing config:load:project Completed in 1ms
11 timing config:load:file:/Users/nikhilvadhawana/.npmrc Completed in 0ms
12 timing config:load:user Completed in 0ms
13 timing config:load:file:/Users/nikhilvadhawana/.nvm/versions/node/v20.10.0/etc/npmrc Completed in 0ms
14 timing config:load:global Completed in 0ms
15 timing config:load:setEnvs Completed in 1ms
16 timing config:load Completed in 5ms
17 timing npm:load:configload Completed in 5ms
18 timing config:load:flatten Completed in 1ms
19 timing npm:load:mkdirpcache Completed in 1ms
20 timing npm:load:mkdirplogs Completed in 0ms
21 verbose title npm install
22 verbose argv "install" "--no-audit" "--no-fund" "--fetch-timeout" "60000" "--cache" "./.npm-cache"
23 timing npm:load:setTitle Completed in 0ms
24 timing npm:load:display Completed in 0ms
25 verbose logfile logs-max:10 dir:/Users/nikhilvadhawana/Documents/Codex/2026-05-10/build-a-production-grade-next-js/.npm-cache/_logs/2026-05-09T20_04_04_245Z-
26 verbose logfile /Users/nikhilvadhawana/Documents/Codex/2026-05-10/build-a-production-grade-next-js/.npm-cache/_logs/2026-05-09T20_04_04_245Z-debug-0.log
27 timing npm:load:logFile Completed in 4ms
28 timing npm:load:timers Completed in 0ms
29 timing npm:load:configScope Completed in 0ms
30 timing npm:load Completed in 17ms
31 timing arborist:ctor Completed in 0ms
32 silly logfile done cleaning log files
33 timing arborist:ctor Completed in 0ms
34 timing idealTree:init Completed in 7ms
35 timing idealTree:userRequests Completed in 0ms
36 silly idealTree buildDeps
37 silly fetch manifest @radix-ui/react-accordion@^1.2.3
38 http fetch GET 200 https://registry.npmjs.org/npm 188ms (cache miss)
39 http fetch GET 200 https://registry.npmjs.org/@radix-ui%2freact-accordion 621ms (cache miss)
40 silly fetch manifest @types/react@^18.3.18
41 http fetch GET 200 https://registry.npmjs.org/@types%2freact 88ms (cache miss)
42 silly fetch manifest @types/react-dom@^18.3.5
43 http fetch GET 200 https://registry.npmjs.org/@types%2freact-dom 57ms (cache miss)
44 silly fetch manifest react@^18.3.1
45 http fetch GET 200 https://registry.npmjs.org/react 175ms (cache miss)
46 silly fetch manifest react-dom@^18.3.1
47 http fetch GET 200 https://registry.npmjs.org/react-dom 232ms (cache miss)
48 silly fetch manifest @radix-ui/react-dialog@^1.1.6
49 http fetch GET 200 https://registry.npmjs.org/@radix-ui%2freact-dialog 71ms (cache miss)
50 silly fetch manifest @radix-ui/react-slot@^1.1.2
51 http fetch GET 200 https://registry.npmjs.org/@radix-ui%2freact-slot 56ms (cache miss)
52 silly fetch manifest @radix-ui/react-tabs@^1.1.3
53 http fetch GET 200 https://registry.npmjs.org/@radix-ui%2freact-tabs 541ms (cache miss)
54 silly fetch manifest @tanstack/react-query@^5.66.9
55 http fetch GET 200 https://registry.npmjs.org/@tanstack%2freact-query 541ms (cache miss)
56 silly fetch manifest class-variance-authority@^0.7.1
57 http fetch GET 200 https://registry.npmjs.org/class-variance-authority 265ms (cache miss)
58 silly fetch manifest clsx@^2.1.1
59 http fetch GET 200 https://registry.npmjs.org/clsx 43ms (cache miss)
60 silly fetch manifest lucide-react@^0.475.0
61 http fetch GET 200 https://registry.npmjs.org/lucide-react 306ms (cache miss)
62 silly fetch manifest maplibre-gl@^5.1.0
63 http fetch GET 200 https://registry.npmjs.org/maplibre-gl 292ms (cache miss)
64 silly fetch manifest next@^14.2.23
65 http fetch GET 200 https://registry.npmjs.org/next 340ms (cache miss)
66 silly fetch manifest @opentelemetry/api@^1.1.0
67 http fetch GET 200 https://registry.npmjs.org/@opentelemetry%2fapi 53ms (cache miss)
68 silly fetch manifest @playwright/test@^1.41.2
69 http fetch GET 200 https://registry.npmjs.org/@playwright%2ftest 245ms (cache miss)
70 silly fetch manifest sass@^1.3.0
71 http fetch GET 200 https://registry.npmjs.org/sass 62ms (cache miss)
72 silly fetch manifest tailwind-merge@^3.0.1
73 http fetch GET 200 https://registry.npmjs.org/tailwind-merge 291ms (cache miss)
74 silly fetch manifest tailwindcss-animate@^1.0.7
75 http fetch GET 200 https://registry.npmjs.org/tailwindcss-animate 272ms (cache miss)
76 silly fetch manifest tailwindcss@^3.4.17
77 http fetch GET 200 https://registry.npmjs.org/tailwindcss 179ms (cache miss)
78 silly fetch manifest zod@^3.24.2
79 http fetch GET 200 https://registry.npmjs.org/zod 83ms (cache miss)
80 silly fetch manifest zustand@^5.0.3
81 http fetch GET 200 https://registry.npmjs.org/zustand 273ms (cache miss)
82 silly fetch manifest immer@>=9.0.6
83 http fetch GET 200 https://registry.npmjs.org/immer 307ms (cache miss)
84 silly fetch manifest use-sync-external-store@>=1.2.0
85 http fetch GET 200 https://registry.npmjs.org/use-sync-external-store 354ms (cache miss)
86 silly fetch manifest @types/geojson@^7946.0.15
87 http fetch GET 200 https://registry.npmjs.org/@types%2fgeojson 58ms (cache miss)
88 silly fetch manifest @types/node@^22.13.1
89 http fetch GET 200 https://registry.npmjs.org/@types%2fnode 192ms (cache miss)
90 silly fetch manifest autoprefixer@^10.4.20
91 http fetch GET 200 https://registry.npmjs.org/autoprefixer 53ms (cache miss)
92 silly fetch manifest postcss@^8.5.1
93 http fetch GET 200 https://registry.npmjs.org/postcss 62ms (cache miss)
94 silly fetch manifest eslint@^8.57.1
95 http fetch GET 200 https://registry.npmjs.org/eslint 67ms (cache miss)
96 silly fetch manifest eslint-config-next@^14.2.23
97 http fetch GET 200 https://registry.npmjs.org/eslint-config-next 141ms (cache miss)
98 silly fetch manifest typescript@^5.7.3
99 http fetch GET 200 https://registry.npmjs.org/typescript 256ms (cache miss)
100 silly placeDep ROOT @radix-ui/react-accordion@1.2.12 OK for: tpvd-gis-plot-analyzer@0.1.0 want: ^1.2.3
101 silly placeDep ROOT react@18.3.1 OK for: @radix-ui/react-accordion@1.2.12 want: ^16.8 || ^17.0 || ^18.0 || ^19.0 || ^19.0.0-rc
102 silly placeDep ROOT react-dom@18.3.1 OK for: @radix-ui/react-accordion@1.2.12 want: ^16.8 || ^17.0 || ^18.0 || ^19.0 || ^19.0.0-rc
103 silly fetch manifest @radix-ui/react-id@1.1.1
104 silly fetch manifest @radix-ui/primitive@1.1.3
105 silly fetch manifest @radix-ui/react-context@1.1.2
106 silly fetch manifest @radix-ui/react-direction@1.1.1
107 silly fetch manifest @radix-ui/react-primitive@2.1.3
108 silly fetch manifest @radix-ui/react-collection@1.1.7
109 silly fetch manifest @radix-ui/react-collapsible@1.1.12
110 silly fetch manifest @radix-ui/react-compose-refs@1.1.2
111 silly fetch manifest @radix-ui/react-use-controllable-state@1.2.2
112 silly fetch manifest scheduler@^0.23.2
113 silly fetch manifest loose-envify@^1.1.0
114 silly placeDep ROOT @radix-ui/react-dialog@1.1.15 OK for: tpvd-gis-plot-analyzer@0.1.0 want: ^1.1.6
115 silly fetch manifest aria-hidden@^1.2.4
116 silly fetch manifest react-remove-scroll@^2.6.3
117 silly fetch manifest @radix-ui/react-slot@1.2.3
118 silly fetch manifest @radix-ui/react-portal@1.1.9
119 silly fetch manifest @radix-ui/react-presence@1.1.5
120 silly fetch manifest @radix-ui/react-focus-scope@1.1.7
121 silly fetch manifest @radix-ui/react-focus-guards@1.1.3
122 silly fetch manifest @radix-ui/react-dismissable-layer@1.1.11
123 silly placeDep ROOT @radix-ui/react-slot@1.2.4 OK for: tpvd-gis-plot-analyzer@0.1.0 want: ^1.1.2
124 silly placeDep ROOT @radix-ui/react-tabs@1.1.13 OK for: tpvd-gis-plot-analyzer@0.1.0 want: ^1.1.3
125 silly fetch manifest @radix-ui/react-roving-focus@1.1.11
126 silly placeDep ROOT @tanstack/react-query@5.100.9 OK for: tpvd-gis-plot-analyzer@0.1.0 want: ^5.66.9
127 silly fetch manifest @tanstack/query-core@5.100.9
128 silly placeDep ROOT @types/geojson@7946.0.16 OK for: tpvd-gis-plot-analyzer@0.1.0 want: ^7946.0.15
129 silly placeDep ROOT @types/node@22.19.18 OK for: tpvd-gis-plot-analyzer@0.1.0 want: ^22.13.1
130 silly fetch manifest undici-types@~6.21.0
131 silly placeDep ROOT @types/react@18.3.28 OK for: tpvd-gis-plot-analyzer@0.1.0 want: ^18.3.18
132 silly fetch manifest csstype@^3.2.2
133 silly fetch manifest @types/prop-types@*
134 silly placeDep ROOT @types/react-dom@18.3.7 OK for: tpvd-gis-plot-analyzer@0.1.0 want: ^18.3.5
135 silly placeDep ROOT autoprefixer@10.5.0 OK for: tpvd-gis-plot-analyzer@0.1.0 want: ^10.4.20
136 silly placeDep ROOT postcss@8.5.14 OK for: autoprefixer@10.5.0 want: ^8.1.0
137 silly fetch manifest browserslist@^4.28.2
138 silly fetch manifest caniuse-lite@^1.0.30001787
139 silly fetch manifest fraction.js@^5.3.4
140 silly fetch manifest picocolors@^1.1.1
141 silly fetch manifest postcss-value-parser@^4.2.0
142 silly fetch manifest nanoid@^3.3.11
143 silly fetch manifest source-map-js@^1.2.1
144 silly placeDep ROOT class-variance-authority@0.7.1 OK for: tpvd-gis-plot-analyzer@0.1.0 want: ^0.7.1
145 silly placeDep ROOT clsx@2.1.1 OK for: tpvd-gis-plot-analyzer@0.1.0 want: ^2.1.1
146 silly placeDep ROOT eslint@8.57.1 OK for: tpvd-gis-plot-analyzer@0.1.0 want: ^8.57.1
147 silly fetch manifest ajv@^6.12.4
148 silly fetch manifest levn@^0.4.1
149 silly fetch manifest chalk@^4.0.0
150 silly fetch manifest debug@^4.3.2
151 silly fetch manifest espree@^9.6.1
152 silly fetch manifest ignore@^5.2.0
153 silly fetch manifest esquery@^1.4.2
154 silly fetch manifest esutils@^2.0.2
155 silly fetch manifest find-up@^5.0.0
156 silly fetch manifest globals@^13.19.0
157 silly fetch manifest is-glob@^4.0.0
158 silly fetch manifest js-yaml@^4.1.0
159 silly fetch manifest doctrine@^3.0.0
160 silly fetch manifest graphemer@^1.4.0
161 silly fetch manifest minimatch@^3.1.2
162 silly fetch manifest @eslint/js@8.57.1
163 silly fetch manifest optionator@^0.9.3
164 silly fetch manifest strip-ansi@^6.0.1
165 silly fetch manifest text-table@^0.2.0
166 silly fetch manifest cross-spawn@^7.0.2
167 silly fetch manifest glob-parent@^6.0.2
168 silly fetch manifest imurmurhash@^0.1.4
169 silly fetch manifest eslint-scope@^7.2.2
170 silly fetch manifest lodash.merge@^4.6.2
171 silly fetch manifest is-path-inside@^3.0.3
172 silly fetch manifest fast-deep-equal@^3.1.3
173 silly fetch manifest natural-compare@^1.4.0
174 silly fetch manifest @eslint/eslintrc@^2.1.4
175 silly fetch manifest @nodelib/fs.walk@^1.2.8
176 silly fetch manifest file-entry-cache@^6.0.1
177 silly fetch manifest eslint-visitor-keys@^3.4.3
178 silly fetch manifest escape-string-regexp@^4.0.0
179 silly fetch manifest @ungap/structured-clone@^1.2.0
180 silly fetch manifest @eslint-community/regexpp@^4.6.1
181 silly fetch manifest @humanwhocodes/config-array@^0.13.0
182 silly fetch manifest @eslint-community/eslint-utils@^4.2.0
183 silly fetch manifest @humanwhocodes/module-importer@^1.0.1
184 silly fetch manifest json-stable-stringify-without-jsonify@^1.0.1
185 silly placeDep ROOT eslint-config-next@14.2.35 OK for: tpvd-gis-plot-analyzer@0.1.0 want: ^14.2.23
186 silly fetch manifest eslint-plugin-react@^7.33.2
187 silly fetch manifest eslint-plugin-import@^2.28.1
188 silly fetch manifest eslint-plugin-jsx-a11y@^6.7.1
189 silly fetch manifest @rushstack/eslint-patch@^1.3.3
190 silly fetch manifest @next/eslint-plugin-next@14.2.35
191 silly fetch manifest @typescript-eslint/parser@^5.4.2 || ^6.0.0 || ^7.0.0 || ^8.0.0
192 silly fetch manifest eslint-plugin-react-hooks@^4.5.0 || 5.0.0-canary-7118f5dd7-20230705
193 silly fetch manifest eslint-import-resolver-node@^0.3.6
194 silly fetch manifest @typescript-eslint/eslint-plugin@^5.4.2 || ^6.0.0 || ^7.0.0 || ^8.0.0
195 silly fetch manifest eslint-import-resolver-typescript@^3.5.2
196 silly placeDep ROOT lucide-react@0.475.0 OK for: tpvd-gis-plot-analyzer@0.1.0 want: ^0.475.0
197 silly placeDep ROOT maplibre-gl@5.24.0 OK for: tpvd-gis-plot-analyzer@0.1.0 want: ^5.1.0
198 silly fetch manifest pbf@^4.0.1
199 silly fetch manifest earcut@^3.0.2
200 silly fetch manifest kdbush@^4.0.2
201 silly fetch manifest potpack@^2.1.0
202 silly fetch manifest gl-matrix@^3.4.4
203 silly fetch manifest tinyqueue@^3.0.0
204 silly fetch manifest quickselect@^3.0.0
205 silly fetch manifest @maplibre/mlt@^1.1.8
206 silly fetch manifest murmurhash-js@^1.0.0
207 silly fetch manifest @mapbox/tiny-sdf@^2.1.0
208 silly fetch manifest @maplibre/vt-pbf@^4.3.0
209 silly fetch manifest @mapbox/whoots-js@^3.1.0
210 silly fetch manifest @mapbox/unitbezier@^0.0.1
211 silly fetch manifest @mapbox/vector-tile@^2.0.4
212 silly fetch manifest @maplibre/geojson-vt@^6.1.0
213 silly fetch manifest @mapbox/point-geometry@^1.1.0
214 silly fetch manifest @maplibre/maplibre-gl-style-spec@^24.8.1
215 silly fetch manifest @mapbox/jsonlint-lines-primitives@^2.0.2
216 silly placeDep ROOT next@14.2.35 OK for: tpvd-gis-plot-analyzer@0.1.0 want: ^14.2.23
217 silly fetch manifest busboy@1.6.0
218 silly fetch manifest postcss@8.4.31
219 silly fetch manifest @next/env@14.2.35
220 silly fetch manifest styled-jsx@5.1.1
221 silly fetch manifest graceful-fs@^4.2.11
222 silly fetch manifest @swc/helpers@0.5.5
223 silly fetch manifest caniuse-lite@^1.0.30001579
224 silly fetch manifest @next/swc-darwin-x64@14.2.33
225 silly fetch manifest @next/swc-darwin-arm64@14.2.33
226 silly fetch manifest @next/swc-linux-x64-gnu@14.2.33
227 silly fetch manifest @next/swc-linux-x64-musl@14.2.33
228 silly fetch manifest @next/swc-win32-x64-msvc@14.2.33
229 silly fetch manifest @next/swc-linux-arm64-gnu@14.2.33
230 silly fetch manifest @next/swc-win32-ia32-msvc@14.2.33
231 silly fetch manifest @next/swc-linux-arm64-musl@14.2.33
232 silly fetch manifest @next/swc-win32-arm64-msvc@14.2.33
233 silly placeDep ROOT tailwind-merge@3.5.0 OK for: tpvd-gis-plot-analyzer@0.1.0 want: ^3.0.1
234 silly placeDep ROOT tailwindcss@3.4.19 OK for: tpvd-gis-plot-analyzer@0.1.0 want: ^3.4.17
235 silly fetch manifest arg@^5.0.2
236 silly fetch manifest dlv@^1.1.3
237 silly fetch manifest jiti@^1.21.7
238 silly fetch manifest is-glob@^4.0.3
239 silly fetch manifest resolve@^1.22.8
240 silly fetch manifest sucrase@^3.35.0
241 silly fetch manifest chokidar@^3.6.0
242 silly fetch manifest fast-glob@^3.3.2
243 silly fetch manifest lilconfig@^3.1.3
244 silly fetch manifest didyoumean@^1.2.2
245 silly fetch manifest micromatch@^4.0.8
246 silly fetch manifest postcss-js@^4.0.1
247 silly fetch manifest object-hash@^3.0.0
248 silly fetch manifest normalize-path@^3.0.0
249 silly fetch manifest postcss-import@^15.1.0
250 silly fetch manifest postcss-nested@^6.2.0
251 silly fetch manifest @alloc/quick-lru@^5.2.0
252 silly fetch manifest postcss-load-config@^4.0.2 || ^5.0 || ^6.0
253 silly fetch manifest postcss-selector-parser@^6.1.2
254 silly placeDep ROOT tailwindcss-animate@1.0.7 OK for: tpvd-gis-plot-analyzer@0.1.0 want: ^1.0.7
255 silly placeDep ROOT typescript@5.9.3 OK for: tpvd-gis-plot-analyzer@0.1.0 want: ^5.7.3
256 silly placeDep ROOT zod@3.25.76 OK for: tpvd-gis-plot-analyzer@0.1.0 want: ^3.24.2
257 silly placeDep ROOT zustand@5.0.13 OK for: tpvd-gis-plot-analyzer@0.1.0 want: ^5.0.3
258 http fetch GET 200 https://registry.npmjs.org/@radix-ui%2fprimitive 110ms (cache miss)
259 http fetch GET 200 https://registry.npmjs.org/@radix-ui%2freact-id 112ms (cache miss)
260 http fetch GET 200 https://registry.npmjs.org/escape-string-regexp 385ms (cache miss)
261 http fetch GET 200 https://registry.npmjs.org/esutils 391ms (cache miss)
262 http fetch GET 200 https://registry.npmjs.org/is-glob 391ms (cache miss)
263 http fetch GET 200 https://registry.npmjs.org/postcss-value-parser 397ms (cache miss)
264 http fetch GET 200 https://registry.npmjs.org/eslint-visitor-keys 389ms (cache miss)
265 http fetch GET 200 https://registry.npmjs.org/doctrine 393ms (cache miss)
266 http fetch GET 200 https://registry.npmjs.org/@mapbox%2fpoint-geometry 380ms (cache miss)
267 http fetch GET 200 https://registry.npmjs.org/@mapbox%2fwhoots-js 382ms (cache miss)
268 http fetch GET 200 https://registry.npmjs.org/strip-ansi 393ms (cache miss)
269 http fetch GET 200 https://registry.npmjs.org/glob-parent 393ms (cache miss)
270 http fetch GET 200 https://registry.npmjs.org/@types%2fprop-types 401ms (cache miss)
271 http fetch GET 200 https://registry.npmjs.org/esquery 396ms (cache miss)
272 http fetch GET 200 https://registry.npmjs.org/file-entry-cache 391ms (cache miss)
273 http fetch GET 200 https://registry.npmjs.org/lodash.merge 393ms (cache miss)
274 http fetch GET 200 https://registry.npmjs.org/gl-matrix 385ms (cache miss)
275 http fetch GET 200 https://registry.npmjs.org/cross-spawn 397ms (cache miss)
276 http fetch GET 200 https://registry.npmjs.org/@ungap%2fstructured-clone 394ms (cache miss)
277 http fetch GET 200 https://registry.npmjs.org/@eslint-community%2feslint-utils 394ms (cache miss)
278 http fetch GET 200 https://registry.npmjs.org/@eslint-community%2fregexpp 395ms (cache miss)
279 http fetch GET 200 https://registry.npmjs.org/eslint-plugin-jsx-a11y 396ms (cache miss)
280 http fetch GET 200 https://registry.npmjs.org/@eslint%2feslintrc 400ms (cache miss)
281 http fetch GET 200 https://registry.npmjs.org/picocolors 410ms (cache miss)
282 http fetch GET 200 https://registry.npmjs.org/espree 408ms (cache miss)
283 http fetch GET 200 https://registry.npmjs.org/@radix-ui%2freact-compose-refs 423ms (cache miss)
284 http fetch GET 200 https://registry.npmjs.org/@radix-ui%2freact-use-controllable-state 423ms (cache miss)
285 http fetch GET 200 https://registry.npmjs.org/globals 411ms (cache miss)
286 http fetch GET 200 https://registry.npmjs.org/minimatch 410ms (cache miss)
287 http fetch GET 200 https://registry.npmjs.org/nanoid 415ms (cache miss)
288 http fetch GET 200 https://registry.npmjs.org/browserslist 419ms (cache miss)
289 http fetch GET 200 https://registry.npmjs.org/eslint-plugin-react 409ms (cache miss)
290 http fetch GET 200 https://registry.npmjs.org/@radix-ui%2freact-portal 433ms (cache miss)
291 http fetch GET 200 https://registry.npmjs.org/@radix-ui%2freact-presence 438ms (cache miss)
292 http fetch GET 200 https://registry.npmjs.org/find-up 427ms (cache miss)
293 http fetch GET 200 https://registry.npmjs.org/levn 429ms (cache miss)
294 http fetch GET 200 https://registry.npmjs.org/js-yaml 427ms (cache miss)
295 http fetch GET 200 https://registry.npmjs.org/source-map-js 431ms (cache miss)
296 http fetch GET 200 https://registry.npmjs.org/loose-envify 443ms (cache miss)
297 http fetch GET 200 https://registry.npmjs.org/@nodelib%2ffs.walk 424ms (cache miss)
298 http fetch GET 200 https://registry.npmjs.org/chalk 430ms (cache miss)
299 http fetch GET 200 https://registry.npmjs.org/debug 431ms (cache miss)
300 http fetch GET 200 https://registry.npmjs.org/arg 414ms (cache miss)
301 http fetch GET 200 https://registry.npmjs.org/undici-types 439ms (cache miss)
302 http fetch GET 200 https://registry.npmjs.org/eslint-scope 431ms (cache miss)
303 http fetch GET 200 https://registry.npmjs.org/text-table 439ms (cache miss)
304 http fetch GET 200 https://registry.npmjs.org/pbf 434ms (cache miss)
305 http fetch GET 200 https://registry.npmjs.org/csstype 456ms (cache miss)
306 http fetch GET 200 https://registry.npmjs.org/@humanwhocodes%2fmodule-importer 446ms (cache miss)
307 http fetch GET 200 https://registry.npmjs.org/eslint-import-resolver-typescript 447ms (cache miss)
308 http fetch GET 200 https://registry.npmjs.org/@humanwhocodes%2fconfig-array 452ms (cache miss)
309 http fetch GET 200 https://registry.npmjs.org/@maplibre%2fmaplibre-gl-style-spec 450ms (cache miss)
310 http fetch GET 200 https://registry.npmjs.org/@radix-ui%2freact-focus-guards 479ms (cache miss)
311 http fetch GET 200 https://registry.npmjs.org/@radix-ui%2freact-context 482ms (cache miss)
312 http fetch GET 200 https://registry.npmjs.org/@eslint%2fjs 471ms (cache miss)
313 http fetch GET 200 https://registry.npmjs.org/@radix-ui%2freact-primitive 504ms (cache miss)
314 http fetch GET 200 https://registry.npmjs.org/lilconfig 473ms (cache miss)
315 http fetch GET 200 https://registry.npmjs.org/murmurhash-js 497ms (cache miss)
316 http fetch GET 200 https://registry.npmjs.org/normalize-path 502ms (cache miss)
317 http fetch GET 200 https://registry.npmjs.org/is-path-inside 520ms (cache miss)
318 http fetch GET 200 https://registry.npmjs.org/optionator 535ms (cache miss)
319 http fetch GET 200 https://registry.npmjs.org/postcss-nested 518ms (cache miss)
320 http fetch GET 200 https://registry.npmjs.org/@mapbox%2fjsonlint-lines-primitives 526ms (cache miss)
321 http fetch GET 200 https://registry.npmjs.org/@swc%2fhelpers 528ms (cache miss)
322 http fetch GET 200 https://registry.npmjs.org/ajv 553ms (cache miss)
323 http fetch GET 200 https://registry.npmjs.org/ignore 584ms (cache miss)
324 http fetch GET 200 https://registry.npmjs.org/fast-deep-equal 585ms (cache miss)
325 http fetch GET 200 https://registry.npmjs.org/eslint-import-resolver-node 587ms (cache miss)
326 http fetch GET 200 https://registry.npmjs.org/kdbush 600ms (cache miss)
327 http fetch GET 200 https://registry.npmjs.org/natural-compare 607ms (cache miss)
328 http fetch GET 200 https://registry.npmjs.org/quickselect 605ms (cache miss)
329 http fetch GET 200 https://registry.npmjs.org/imurmurhash 614ms (cache miss)
330 http fetch GET 200 https://registry.npmjs.org/graceful-fs 602ms (cache miss)
331 http fetch GET 200 https://registry.npmjs.org/@mapbox%2ftiny-sdf 610ms (cache miss)
332 http fetch GET 200 https://registry.npmjs.org/fraction.js 668ms (cache miss)
333 http fetch GET 200 https://registry.npmjs.org/aria-hidden 678ms (cache miss)
334 http fetch GET 200 https://registry.npmjs.org/react-remove-scroll 684ms (cache miss)
335 http fetch GET 200 https://registry.npmjs.org/graphemer 671ms (cache miss)
336 http fetch GET 200 https://registry.npmjs.org/chokidar 705ms (cache miss)
337 http fetch GET 200 https://registry.npmjs.org/postcss-selector-parser 709ms (cache miss)
338 http fetch GET 200 https://registry.npmjs.org/potpack 722ms (cache miss)
339 http fetch GET 200 https://registry.npmjs.org/micromatch 712ms (cache miss)
340 http fetch GET 200 https://registry.npmjs.org/postcss-load-config 712ms (cache miss)
341 http fetch GET 200 https://registry.npmjs.org/json-stable-stringify-without-jsonify 730ms (cache miss)
342 http fetch GET 200 https://registry.npmjs.org/didyoumean 737ms (cache miss)
343 http fetch GET 200 https://registry.npmjs.org/@alloc%2fquick-lru 736ms (cache miss)
344 http fetch GET 200 https://registry.npmjs.org/dlv 740ms (cache miss)
345 http fetch GET 200 https://registry.npmjs.org/@mapbox%2fvector-tile 746ms (cache miss)
346 http fetch GET 200 https://registry.npmjs.org/styled-jsx 746ms (cache miss)
347 http fetch GET 200 https://registry.npmjs.org/resolve 744ms (cache miss)
348 http fetch GET 200 https://registry.npmjs.org/sucrase 753ms (cache miss)
349 http fetch GET 200 https://registry.npmjs.org/@radix-ui%2freact-direction 835ms (cache miss)
350 http fetch GET 200 https://registry.npmjs.org/@mapbox%2funitbezier 838ms (cache miss)
351 http fetch GET 200 https://registry.npmjs.org/busboy 842ms (cache miss)
352 http fetch GET 200 https://registry.npmjs.org/is-glob 964ms (cache miss)
353 http fetch GET 200 https://registry.npmjs.org/@radix-ui%2freact-dismissable-layer 995ms (cache miss)
354 http fetch GET 200 https://registry.npmjs.org/fast-glob 982ms (cache miss)
355 http fetch GET 200 https://registry.npmjs.org/tinyqueue 1004ms (cache miss)
356 http fetch GET 200 https://registry.npmjs.org/jiti 1021ms (cache miss)
357 http fetch GET 200 https://registry.npmjs.org/@maplibre%2fgeojson-vt 1048ms (cache miss)
358 http fetch GET 200 https://registry.npmjs.org/@radix-ui%2freact-focus-scope 1073ms (cache miss)
359 http fetch GET 200 https://registry.npmjs.org/@tanstack%2fquery-core 1093ms (cache miss)
360 http fetch GET 200 https://registry.npmjs.org/@radix-ui%2freact-roving-focus 1101ms (cache miss)
361 http fetch GET 200 https://registry.npmjs.org/@maplibre%2fmlt 1103ms (cache miss)
362 http fetch GET 200 https://registry.npmjs.org/object-hash 1100ms (cache miss)
363 http fetch GET 200 https://registry.npmjs.org/eslint-plugin-import 1130ms (cache miss)
364 http fetch GET 200 https://registry.npmjs.org/postcss-js 1132ms (cache miss)
365 http fetch GET 200 https://registry.npmjs.org/earcut 1145ms (cache miss)
366 http fetch GET 200 https://registry.npmjs.org/@maplibre%2fvt-pbf 1165ms (cache miss)
367 http fetch GET 200 https://registry.npmjs.org/@rushstack%2feslint-patch 1170ms (cache miss)
368 http fetch GET 200 https://registry.npmjs.org/caniuse-lite 1231ms (cache miss)
369 http fetch GET 200 https://registry.npmjs.org/caniuse-lite 1220ms (cache miss)
370 http fetch GET 200 https://registry.npmjs.org/@radix-ui%2freact-collapsible 1289ms (cache miss)
371 http fetch GET 200 https://registry.npmjs.org/postcss-import 1417ms (cache miss)
372 http fetch GET 200 https://registry.npmjs.org/@next%2fswc-win32-arm64-msvc 1654ms (cache miss)
373 http fetch GET 200 https://registry.npmjs.org/@radix-ui%2freact-collection 1730ms (cache miss)
374 http fetch GET 200 https://registry.npmjs.org/@next%2fswc-win32-ia32-msvc 1738ms (cache miss)
375 http fetch GET 200 https://registry.npmjs.org/@next%2fswc-linux-arm64-musl 1745ms (cache miss)
376 http fetch GET 200 https://registry.npmjs.org/@next%2fswc-linux-x64-musl 1762ms (cache miss)
377 http fetch GET 200 https://registry.npmjs.org/@next%2fswc-linux-x64-gnu 1778ms (cache miss)
378 http fetch GET 200 https://registry.npmjs.org/@next%2fswc-darwin-x64 1822ms (cache miss)
379 http fetch GET 200 https://registry.npmjs.org/@next%2fswc-darwin-arm64 1927ms (cache miss)
380 http fetch GET 200 https://registry.npmjs.org/@next%2feslint-plugin-next 2019ms (cache miss)
381 http fetch GET 200 https://registry.npmjs.org/@next%2fswc-linux-arm64-gnu 2023ms (cache miss)
382 http fetch GET 200 https://registry.npmjs.org/eslint-plugin-react-hooks 2052ms (cache miss)
383 http fetch GET 200 https://registry.npmjs.org/@next%2fenv 2065ms (cache miss)
384 http fetch GET 200 https://registry.npmjs.org/@next%2fswc-win32-x64-msvc 2122ms (cache miss)
385 http fetch GET 200 https://registry.npmjs.org/scheduler 2283ms (cache miss)
386 http fetch GET 200 https://registry.npmjs.org/@typescript-eslint%2feslint-plugin 2982ms (cache miss)
387 http fetch GET 200 https://registry.npmjs.org/@typescript-eslint%2fparser 3082ms (cache miss)
388 timing idealTree:#root Completed in 10226ms
389 silly fetch manifest @types/react@*
390 silly fetch manifest react@^16.8 || ^17.0 || ^18.0 || ^19.0 || ^19.0.0-rc
391 silly fetch manifest @types/react-dom@*
392 silly fetch manifest react-dom@^16.8 || ^17.0 || ^18.0 || ^19.0 || ^19.0.0-rc
393 silly placeDep ROOT @radix-ui/primitive@1.1.3 OK for: @radix-ui/react-accordion@1.2.12 want: 1.1.3
394 silly placeDep ROOT @radix-ui/react-collapsible@1.1.12 OK for: @radix-ui/react-accordion@1.2.12 want: 1.1.12
395 silly fetch manifest @radix-ui/react-use-layout-effect@1.1.1
396 silly placeDep ROOT @radix-ui/react-collection@1.1.7 OK for: @radix-ui/react-accordion@1.2.12 want: 1.1.7
397 silly placeDep ROOT @radix-ui/react-compose-refs@1.1.2 OK for: @radix-ui/react-accordion@1.2.12 want: 1.1.2
398 silly placeDep ROOT @radix-ui/react-context@1.1.2 OK for: @radix-ui/react-accordion@1.2.12 want: 1.1.2
399 silly placeDep ROOT @radix-ui/react-direction@1.1.1 OK for: @radix-ui/react-accordion@1.2.12 want: 1.1.1
400 silly placeDep ROOT @radix-ui/react-id@1.1.1 OK for: @radix-ui/react-accordion@1.2.12 want: 1.1.1
401 silly placeDep ROOT @radix-ui/react-primitive@2.1.3 OK for: @radix-ui/react-accordion@1.2.12 want: 2.1.3
402 silly placeDep ROOT @radix-ui/react-use-controllable-state@1.2.2 OK for: @radix-ui/react-accordion@1.2.12 want: 1.2.2
403 silly fetch manifest @radix-ui/react-use-effect-event@0.0.2
404 http fetch GET 200 https://registry.npmjs.org/@radix-ui%2freact-use-layout-effect 66ms (cache miss)
405 http fetch GET 200 https://registry.npmjs.org/@radix-ui%2freact-use-effect-event 518ms (cache miss)
406 timing idealTree:node_modules/@radix-ui/react-accordion Completed in 534ms
407 timing idealTree:node_modules/@radix-ui/primitive Completed in 0ms
408 silly placeDep ROOT @radix-ui/react-presence@1.1.5 OK for: @radix-ui/react-collapsible@1.1.12 want: 1.1.5
409 silly placeDep ROOT @radix-ui/react-use-layout-effect@1.1.1 OK for: @radix-ui/react-collapsible@1.1.12 want: 1.1.1
410 timing idealTree:node_modules/@radix-ui/react-collapsible Completed in 11ms
411 silly placeDep node_modules/@radix-ui/react-collection @radix-ui/react-slot@1.2.3 OK for: @radix-ui/react-collection@1.1.7 want: 1.2.3
412 timing idealTree:node_modules/@radix-ui/react-collection Completed in 2ms
413 timing idealTree:node_modules/@radix-ui/react-compose-refs Completed in 0ms
414 timing idealTree:node_modules/@radix-ui/react-context Completed in 0ms
415 silly placeDep ROOT @radix-ui/react-dismissable-layer@1.1.11 OK for: @radix-ui/react-dialog@1.1.15 want: 1.1.11
416 silly fetch manifest @radix-ui/react-use-callback-ref@1.1.1
417 silly fetch manifest @radix-ui/react-use-escape-keydown@1.1.1
418 silly placeDep ROOT @radix-ui/react-focus-guards@1.1.3 OK for: @radix-ui/react-dialog@1.1.15 want: 1.1.3
419 silly placeDep ROOT @radix-ui/react-focus-scope@1.1.7 OK for: @radix-ui/react-dialog@1.1.15 want: 1.1.7
420 silly placeDep ROOT @radix-ui/react-portal@1.1.9 OK for: @radix-ui/react-dialog@1.1.15 want: 1.1.9
421 silly placeDep node_modules/@radix-ui/react-dialog @radix-ui/react-slot@1.2.3 OK for: @radix-ui/react-dialog@1.1.15 want: 1.2.3
422 silly placeDep ROOT aria-hidden@1.2.6 OK for: @radix-ui/react-dialog@1.1.15 want: ^1.2.4
423 silly fetch manifest tslib@^2.0.0
424 silly placeDep ROOT react-remove-scroll@2.7.2 OK for: @radix-ui/react-dialog@1.1.15 want: ^2.6.3
425 silly fetch manifest react-remove-scroll-bar@^2.3.7
426 silly fetch manifest react-style-singleton@^2.2.3
427 silly fetch manifest tslib@^2.1.0
428 silly fetch manifest use-callback-ref@^1.3.3
429 silly fetch manifest use-sidecar@^1.1.3
430 http fetch GET 200 https://registry.npmjs.org/react-style-singleton 41ms (cache miss)
431 http fetch GET 200 https://registry.npmjs.org/use-sidecar 47ms (cache miss)
432 http fetch GET 200 https://registry.npmjs.org/tslib 50ms (cache miss)
433 http fetch GET 200 https://registry.npmjs.org/use-callback-ref 51ms (cache miss)
434 http fetch GET 200 https://registry.npmjs.org/react-remove-scroll-bar 52ms (cache miss)
435 http fetch GET 200 https://registry.npmjs.org/tslib 59ms (cache miss)
436 http fetch GET 200 https://registry.npmjs.org/@radix-ui%2freact-use-escape-keydown 75ms (cache miss)
437 http fetch GET 200 https://registry.npmjs.org/@radix-ui%2freact-use-callback-ref 126ms (cache miss)
438 timing idealTree:node_modules/@radix-ui/react-dialog Completed in 135ms
439 timing idealTree:node_modules/@radix-ui/react-direction Completed in 0ms
440 silly placeDep ROOT @radix-ui/react-use-callback-ref@1.1.1 OK for: @radix-ui/react-dismissable-layer@1.1.11 want: 1.1.1
441 silly placeDep ROOT @radix-ui/react-use-escape-keydown@1.1.1 OK for: @radix-ui/react-dismissable-layer@1.1.11 want: 1.1.1
442 timing idealTree:node_modules/@radix-ui/react-dismissable-layer Completed in 5ms
443 timing idealTree:node_modules/@radix-ui/react-focus-guards Completed in 0ms
444 timing idealTree:node_modules/@radix-ui/react-focus-scope Completed in 0ms
445 timing idealTree:node_modules/@radix-ui/react-id Completed in 0ms
446 timing idealTree:node_modules/@radix-ui/react-portal Completed in 0ms
447 timing idealTree:node_modules/@radix-ui/react-presence Completed in 0ms
448 silly placeDep node_modules/@radix-ui/react-primitive @radix-ui/react-slot@1.2.3 OK for: @radix-ui/react-primitive@2.1.3 want: 1.2.3
449 timing idealTree:node_modules/@radix-ui/react-primitive Completed in 1ms
450 timing idealTree:node_modules/@radix-ui/react-slot Completed in 0ms
451 silly placeDep ROOT @radix-ui/react-roving-focus@1.1.11 OK for: @radix-ui/react-tabs@1.1.13 want: 1.1.11
452 timing idealTree:node_modules/@radix-ui/react-tabs Completed in 4ms
453 timing idealTree:node_modules/@radix-ui/react-roving-focus Completed in 0ms
454 timing idealTree:node_modules/@radix-ui/react-use-callback-ref Completed in 0ms
455 silly placeDep ROOT @radix-ui/react-use-effect-event@0.0.2 OK for: @radix-ui/react-use-controllable-state@1.2.2 want: 0.0.2
456 timing idealTree:node_modules/@radix-ui/react-use-controllable-state Completed in 2ms
457 timing idealTree:node_modules/@radix-ui/react-use-effect-event Completed in 0ms
458 timing idealTree:node_modules/@radix-ui/react-use-escape-keydown Completed in 0ms
459 timing idealTree:node_modules/@radix-ui/react-use-layout-effect Completed in 0ms
460 silly placeDep ROOT @tanstack/query-core@5.100.9 OK for: @tanstack/react-query@5.100.9 want: 5.100.9
461 timing idealTree:node_modules/@tanstack/react-query Completed in 0ms
462 timing idealTree:node_modules/@tanstack/query-core Completed in 0ms
463 timing idealTree:node_modules/@types/geojson Completed in 0ms
464 silly placeDep ROOT undici-types@6.21.0 OK for: @types/node@22.19.18 want: ~6.21.0
465 timing idealTree:node_modules/@types/node Completed in 1ms
466 silly placeDep ROOT @types/prop-types@15.7.15 OK for: @types/react@18.3.28 want: *
467 silly placeDep ROOT csstype@3.2.3 OK for: @types/react@18.3.28 want: ^3.2.2
468 timing idealTree:node_modules/@types/react Completed in 1ms
469 timing idealTree:node_modules/@types/prop-types Completed in 0ms
470 timing idealTree:node_modules/@types/react-dom Completed in 0ms
471 silly placeDep ROOT tslib@2.8.1 OK for: aria-hidden@1.2.6 want: ^2.0.0
472 timing idealTree:node_modules/aria-hidden Completed in 0ms
473 silly placeDep ROOT browserslist@4.28.2 OK for: autoprefixer@10.5.0 want: ^4.28.2
474 silly fetch manifest baseline-browser-mapping@^2.10.12
475 silly fetch manifest caniuse-lite@^1.0.30001782
476 silly fetch manifest electron-to-chromium@^1.5.328
477 silly fetch manifest node-releases@^2.0.36
478 silly fetch manifest update-browserslist-db@^1.2.3
479 silly placeDep ROOT caniuse-lite@1.0.30001792 OK for: autoprefixer@10.5.0 want: ^1.0.30001787
480 silly placeDep ROOT fraction.js@5.3.4 OK for: autoprefixer@10.5.0 want: ^5.3.4
481 silly placeDep ROOT picocolors@1.1.1 OK for: autoprefixer@10.5.0 want: ^1.1.1
482 silly placeDep ROOT postcss-value-parser@4.2.0 OK for: autoprefixer@10.5.0 want: ^4.2.0
483 http fetch GET 200 https://registry.npmjs.org/update-browserslist-db 56ms (cache miss)
484 http fetch GET 200 https://registry.npmjs.org/node-releases 128ms (cache miss)
485 http fetch GET 200 https://registry.npmjs.org/baseline-browser-mapping 291ms (cache miss)
486 http fetch GET 200 https://registry.npmjs.org/electron-to-chromium 676ms (cache miss)
487 timing idealTree:node_modules/autoprefixer Completed in 701ms
488 silly fetch manifest browserslist@>= 4.21.0
489 silly placeDep ROOT baseline-browser-mapping@2.10.29 OK for: browserslist@4.28.2 want: ^2.10.12
490 silly placeDep ROOT electron-to-chromium@1.5.353 OK for: browserslist@4.28.2 want: ^1.5.328
491 silly placeDep ROOT node-releases@2.0.38 OK for: browserslist@4.28.2 want: ^2.0.36
492 silly placeDep ROOT update-browserslist-db@1.2.3 OK for: browserslist@4.28.2 want: ^1.2.3
493 silly fetch manifest escalade@^3.2.0
494 http fetch GET 200 https://registry.npmjs.org/escalade 68ms (cache miss)
495 timing idealTree:node_modules/browserslist Completed in 73ms
496 timing idealTree:node_modules/baseline-browser-mapping Completed in 0ms
497 timing idealTree:node_modules/caniuse-lite Completed in 0ms
498 timing idealTree:node_modules/class-variance-authority Completed in 0ms
499 timing idealTree:node_modules/clsx Completed in 0ms
500 timing idealTree:node_modules/csstype Completed in 0ms
501 timing idealTree:node_modules/electron-to-chromium Completed in 0ms
502 silly fetch manifest eslint@^6.0.0 || ^7.0.0 || >=8.0.0
503 silly fetch manifest jiti@*
504 silly placeDep ROOT @eslint-community/eslint-utils@4.9.1 OK for: eslint@8.57.1 want: ^4.2.0
505 silly placeDep ROOT @eslint-community/regexpp@4.12.2 OK for: eslint@8.57.1 want: ^4.6.1
506 silly placeDep ROOT @eslint/eslintrc@2.1.4 OK for: eslint@8.57.1 want: ^2.1.4
507 silly fetch manifest espree@^9.6.0
508 silly fetch manifest import-fresh@^3.2.1
509 silly fetch manifest strip-json-comments@^3.1.1
510 silly placeDep ROOT @eslint/js@8.57.1 OK for: eslint@8.57.1 want: 8.57.1
511 silly placeDep ROOT @humanwhocodes/config-array@0.13.0 OK for: eslint@8.57.1 want: ^0.13.0
512 silly fetch manifest debug@^4.3.1
513 silly fetch manifest minimatch@^3.0.5
514 silly fetch manifest @humanwhocodes/object-schema@^2.0.3
515 silly placeDep ROOT @humanwhocodes/module-importer@1.0.1 OK for: eslint@8.57.1 want: ^1.0.1
516 silly placeDep ROOT @nodelib/fs.walk@1.2.8 OK for: eslint@8.57.1 want: ^1.2.8
517 silly fetch manifest fastq@^1.6.0
518 silly fetch manifest @nodelib/fs.scandir@2.1.5
519 silly placeDep ROOT @ungap/structured-clone@1.3.1 OK for: eslint@8.57.1 want: ^1.2.0
520 silly placeDep ROOT ajv@6.15.0 OK for: eslint@8.57.1 want: ^6.12.4
521 silly fetch manifest uri-js@^4.2.2
522 silly fetch manifest fast-deep-equal@^3.1.1
523 silly fetch manifest json-schema-traverse@^0.4.1
524 silly fetch manifest fast-json-stable-stringify@^2.0.0
525 silly placeDep ROOT chalk@4.1.2 OK for: eslint@8.57.1 want: ^4.0.0
526 silly fetch manifest ansi-styles@^4.1.0
527 silly fetch manifest supports-color@^7.1.0
528 silly placeDep ROOT cross-spawn@7.0.6 OK for: eslint@8.57.1 want: ^7.0.2
529 silly fetch manifest which@^2.0.1
530 silly fetch manifest path-key@^3.1.0
531 silly fetch manifest shebang-command@^2.0.0
532 silly placeDep ROOT debug@4.4.3 OK for: eslint@8.57.1 want: ^4.3.2
533 silly fetch manifest ms@^2.1.3
534 silly placeDep ROOT doctrine@3.0.0 OK for: eslint@8.57.1 want: ^3.0.0
535 silly placeDep ROOT escape-string-regexp@4.0.0 OK for: eslint@8.57.1 want: ^4.0.0
536 silly placeDep ROOT eslint-scope@7.2.2 OK for: eslint@8.57.1 want: ^7.2.2
537 silly fetch manifest esrecurse@^4.3.0
538 silly fetch manifest estraverse@^5.2.0
539 silly placeDep ROOT eslint-visitor-keys@3.4.3 OK for: eslint@8.57.1 want: ^3.4.3
540 silly placeDep ROOT espree@9.6.1 OK for: eslint@8.57.1 want: ^9.6.1
541 silly fetch manifest acorn@^8.9.0
542 silly fetch manifest acorn-jsx@^5.3.2
543 silly placeDep ROOT esquery@1.7.0 OK for: eslint@8.57.1 want: ^1.4.2
544 silly fetch manifest estraverse@^5.1.0
545 silly placeDep ROOT esutils@2.0.3 OK for: eslint@8.57.1 want: ^2.0.2
546 silly placeDep ROOT fast-deep-equal@3.1.3 OK for: eslint@8.57.1 want: ^3.1.3
547 silly placeDep ROOT file-entry-cache@6.0.1 OK for: eslint@8.57.1 want: ^6.0.1
548 silly fetch manifest flat-cache@^3.0.4
549 silly placeDep ROOT find-up@5.0.0 OK for: eslint@8.57.1 want: ^5.0.0
550 silly fetch manifest locate-path@^6.0.0
551 silly fetch manifest path-exists@^4.0.0
552 silly placeDep ROOT glob-parent@6.0.2 OK for: eslint@8.57.1 want: ^6.0.2
553 silly placeDep ROOT globals@13.24.0 OK for: eslint@8.57.1 want: ^13.19.0
554 silly fetch manifest type-fest@^0.20.2
555 silly placeDep ROOT graphemer@1.4.0 OK for: eslint@8.57.1 want: ^1.4.0
556 silly placeDep ROOT ignore@5.3.2 OK for: eslint@8.57.1 want: ^5.2.0
557 silly placeDep ROOT imurmurhash@0.1.4 OK for: eslint@8.57.1 want: ^0.1.4
558 silly placeDep ROOT is-glob@4.0.3 OK for: eslint@8.57.1 want: ^4.0.0
559 silly fetch manifest is-extglob@^2.1.1
560 silly placeDep ROOT is-path-inside@3.0.3 OK for: eslint@8.57.1 want: ^3.0.3
561 silly placeDep ROOT js-yaml@4.1.1 OK for: eslint@8.57.1 want: ^4.1.0
562 silly fetch manifest argparse@^2.0.1
563 silly placeDep ROOT json-stable-stringify-without-jsonify@1.0.1 OK for: eslint@8.57.1 want: ^1.0.1
564 silly placeDep ROOT levn@0.4.1 OK for: eslint@8.57.1 want: ^0.4.1
565 silly fetch manifest prelude-ls@^1.2.1
566 silly fetch manifest type-check@~0.4.0
567 silly placeDep ROOT lodash.merge@4.6.2 OK for: eslint@8.57.1 want: ^4.6.2
568 silly placeDep ROOT minimatch@3.1.5 OK for: eslint@8.57.1 want: ^3.1.2
569 silly fetch manifest brace-expansion@^1.1.7
570 silly placeDep ROOT natural-compare@1.4.0 OK for: eslint@8.57.1 want: ^1.4.0
571 silly placeDep ROOT optionator@0.9.4 OK for: eslint@8.57.1 want: ^0.9.3
572 silly fetch manifest deep-is@^0.1.3
573 silly fetch manifest word-wrap@^1.2.5
574 silly fetch manifest type-check@^0.4.0
575 silly fetch manifest fast-levenshtein@^2.0.6
576 silly placeDep ROOT strip-ansi@6.0.1 OK for: eslint@8.57.1 want: ^6.0.1
577 silly fetch manifest ansi-regex@^5.0.1
578 silly placeDep ROOT text-table@0.2.0 OK for: eslint@8.57.1 want: ^0.2.0
579 http fetch GET 200 https://registry.npmjs.org/import-fresh 57ms (cache miss)
580 http fetch GET 200 https://registry.npmjs.org/shebang-command 60ms (cache miss)
581 http fetch GET 200 https://registry.npmjs.org/strip-json-comments 70ms (cache miss)
582 http fetch GET 200 https://registry.npmjs.org/fast-json-stable-stringify 63ms (cache miss)
583 http fetch GET 200 https://registry.npmjs.org/uri-js 64ms (cache miss)
584 http fetch GET 200 https://registry.npmjs.org/json-schema-traverse 64ms (cache miss)
585 http fetch GET 200 https://registry.npmjs.org/estraverse 59ms (cache miss)
586 http fetch GET 200 https://registry.npmjs.org/path-key 63ms (cache miss)
587 http fetch GET 200 https://registry.npmjs.org/ms 62ms (cache miss)
588 http fetch GET 200 https://registry.npmjs.org/which 66ms (cache miss)
589 http fetch GET 200 https://registry.npmjs.org/@humanwhocodes%2fobject-schema 76ms (cache miss)
590 http fetch GET 200 https://registry.npmjs.org/fastq 75ms (cache miss)
591 http fetch GET 200 https://registry.npmjs.org/ansi-styles 71ms (cache miss)
592 http fetch GET 200 https://registry.npmjs.org/esrecurse 71ms (cache miss)
593 http fetch GET 200 https://registry.npmjs.org/supports-color 84ms (cache miss)
594 http fetch GET 200 https://registry.npmjs.org/@nodelib%2ffs.scandir 94ms (cache miss)
595 http fetch GET 200 https://registry.npmjs.org/estraverse 87ms (cache miss)
596 http fetch GET 200 https://registry.npmjs.org/acorn-jsx 90ms (cache miss)
597 http fetch GET 200 https://registry.npmjs.org/locate-path 94ms (cache miss)
598 http fetch GET 200 https://registry.npmjs.org/path-exists 104ms (cache miss)
599 http fetch GET 200 https://registry.npmjs.org/is-extglob 101ms (cache miss)
600 http fetch GET 200 https://registry.npmjs.org/prelude-ls 100ms (cache miss)
601 http fetch GET 200 https://registry.npmjs.org/argparse 101ms (cache miss)
602 http fetch GET 200 https://registry.npmjs.org/brace-expansion 99ms (cache miss)
603 http fetch GET 200 https://registry.npmjs.org/flat-cache 106ms (cache miss)
604 http fetch GET 200 https://registry.npmjs.org/deep-is 106ms (cache miss)
605 http fetch GET 200 https://registry.npmjs.org/type-fest 119ms (cache miss)
606 http fetch GET 200 https://registry.npmjs.org/fast-levenshtein 112ms (cache miss)
607 http fetch GET 200 https://registry.npmjs.org/type-check 118ms (cache miss)
608 http fetch GET 200 https://registry.npmjs.org/ansi-regex 118ms (cache miss)
609 http fetch GET 200 https://registry.npmjs.org/word-wrap 119ms (cache miss)
610 http fetch GET 200 https://registry.npmjs.org/acorn 141ms (cache miss)
611 http fetch GET 200 https://registry.npmjs.org/type-check 321ms (cache miss)
612 timing idealTree:node_modules/eslint Completed in 354ms
613 timing idealTree:node_modules/@eslint-community/eslint-utils Completed in 0ms
614 timing idealTree:node_modules/@eslint-community/regexpp Completed in 0ms
615 silly placeDep ROOT import-fresh@3.3.1 OK for: @eslint/eslintrc@2.1.4 want: ^3.2.1
616 silly fetch manifest resolve-from@^4.0.0
617 silly fetch manifest parent-module@^1.0.0
618 silly placeDep ROOT strip-json-comments@3.1.1 OK for: @eslint/eslintrc@2.1.4 want: ^3.1.1
619 http fetch GET 200 https://registry.npmjs.org/resolve-from 35ms (cache miss)
620 http fetch GET 200 https://registry.npmjs.org/parent-module 47ms (cache miss)
621 timing idealTree:node_modules/@eslint/eslintrc Completed in 52ms
622 timing idealTree:node_modules/@eslint/js Completed in 0ms
623 silly placeDep ROOT @humanwhocodes/object-schema@2.0.3 OK for: @humanwhocodes/config-array@0.13.0 want: ^2.0.3
624 timing idealTree:node_modules/@humanwhocodes/config-array Completed in 1ms
625 timing idealTree:node_modules/@humanwhocodes/module-importer Completed in 0ms
626 timing idealTree:node_modules/@humanwhocodes/object-schema Completed in 0ms
627 silly placeDep ROOT @nodelib/fs.scandir@2.1.5 OK for: @nodelib/fs.walk@1.2.8 want: 2.1.5
628 silly fetch manifest run-parallel@^1.1.9
629 silly fetch manifest @nodelib/fs.stat@2.0.5
630 silly placeDep ROOT fastq@1.20.1 OK for: @nodelib/fs.walk@1.2.8 want: ^1.6.0
631 silly fetch manifest reusify@^1.0.4
632 http fetch GET 200 https://registry.npmjs.org/reusify 42ms (cache miss)
633 http fetch GET 200 https://registry.npmjs.org/@nodelib%2ffs.stat 55ms (cache miss)
634 http fetch GET 200 https://registry.npmjs.org/run-parallel 268ms (cache miss)
635 timing idealTree:node_modules/@nodelib/fs.walk Completed in 270ms
636 silly placeDep ROOT @nodelib/fs.stat@2.0.5 OK for: @nodelib/fs.scandir@2.1.5 want: 2.0.5
637 silly placeDep ROOT run-parallel@1.2.0 OK for: @nodelib/fs.scandir@2.1.5 want: ^1.1.9
638 silly fetch manifest queue-microtask@^1.2.2
639 http fetch GET 200 https://registry.npmjs.org/queue-microtask 49ms (cache miss)
640 timing idealTree:node_modules/@nodelib/fs.scandir Completed in 55ms
641 timing idealTree:node_modules/@nodelib/fs.stat Completed in 0ms
642 timing idealTree:node_modules/@ungap/structured-clone Completed in 0ms
643 silly placeDep ROOT fast-json-stable-stringify@2.1.0 OK for: ajv@6.15.0 want: ^2.0.0
644 silly placeDep ROOT json-schema-traverse@0.4.1 OK for: ajv@6.15.0 want: ^0.4.1
645 silly placeDep ROOT uri-js@4.4.1 OK for: ajv@6.15.0 want: ^4.2.2
646 silly fetch manifest punycode@^2.1.0
647 http fetch GET 200 https://registry.npmjs.org/punycode 44ms (cache miss)
648 timing idealTree:node_modules/ajv Completed in 48ms
649 silly placeDep ROOT ansi-styles@4.3.0 OK for: chalk@4.1.2 want: ^4.1.0
650 silly fetch manifest color-convert@^2.0.1
651 silly placeDep ROOT supports-color@7.2.0 OK for: chalk@4.1.2 want: ^7.1.0
652 silly fetch manifest has-flag@^4.0.0
653 http fetch GET 200 https://registry.npmjs.org/color-convert 36ms (cache miss)
654 http fetch GET 200 https://registry.npmjs.org/has-flag 42ms (cache miss)
655 timing idealTree:node_modules/chalk Completed in 46ms
656 silly placeDep ROOT color-convert@2.0.1 OK for: ansi-styles@4.3.0 want: ^2.0.1
657 silly fetch manifest color-name@~1.1.4
658 http fetch GET 200 https://registry.npmjs.org/color-name 70ms (cache miss)
659 timing idealTree:node_modules/ansi-styles Completed in 73ms
660 silly placeDep ROOT color-name@1.1.4 OK for: color-convert@2.0.1 want: ~1.1.4
661 timing idealTree:node_modules/color-convert Completed in 1ms
662 timing idealTree:node_modules/color-name Completed in 0ms
663 silly placeDep ROOT path-key@3.1.1 OK for: cross-spawn@7.0.6 want: ^3.1.0
664 silly placeDep ROOT shebang-command@2.0.0 OK for: cross-spawn@7.0.6 want: ^2.0.0
665 silly fetch manifest shebang-regex@^3.0.0
666 silly placeDep ROOT which@2.0.2 OK for: cross-spawn@7.0.6 want: ^2.0.1
667 silly fetch manifest isexe@^2.0.0
668 http fetch GET 200 https://registry.npmjs.org/shebang-regex 43ms (cache miss)
669 http fetch GET 200 https://registry.npmjs.org/isexe 43ms (cache miss)
670 timing idealTree:node_modules/cross-spawn Completed in 47ms
671 silly placeDep ROOT ms@2.1.3 OK for: debug@4.4.3 want: ^2.1.3
672 timing idealTree:node_modules/debug Completed in 2ms
673 timing idealTree:node_modules/doctrine Completed in 0ms
674 timing idealTree:node_modules/escape-string-regexp Completed in 0ms
675 silly fetch manifest eslint@^7.23.0 || ^8.0.0
676 silly fetch manifest typescript@>=3.3.1
677 silly fetch manifest eslint-plugin-import-x@*
678 http fetch GET 200 https://registry.npmjs.org/eslint-plugin-import-x 286ms (cache miss)
679 silly fetch manifest @typescript-eslint/utils@^8.56.0
680 http fetch GET 200 https://registry.npmjs.org/@typescript-eslint%2futils 709ms (cache miss)
681 silly placeDep ROOT @next/eslint-plugin-next@14.2.35 OK for: eslint-config-next@14.2.35 want: 14.2.35
682 silly fetch manifest glob@10.3.10
683 silly placeDep ROOT @rushstack/eslint-patch@1.16.1 OK for: eslint-config-next@14.2.35 want: ^1.3.3
684 silly placeDep ROOT @typescript-eslint/eslint-plugin@8.59.2 OK for: eslint-config-next@14.2.35 want: ^5.4.2 || ^6.0.0 || ^7.0.0 || ^8.0.0
685 silly placeDep ROOT @typescript-eslint/parser@8.59.2 OK for: @typescript-eslint/eslint-plugin@8.59.2 want: ^8.59.2
686 silly fetch manifest ignore@^7.0.5
687 silly fetch manifest ts-api-utils@^2.5.0
688 silly fetch manifest @typescript-eslint/utils@8.59.2
689 silly fetch manifest @typescript-eslint/type-utils@8.59.2
690 silly fetch manifest @typescript-eslint/visitor-keys@8.59.2
691 silly fetch manifest @typescript-eslint/scope-manager@8.59.2
692 silly fetch manifest @typescript-eslint/types@8.59.2
693 silly fetch manifest @typescript-eslint/typescript-estree@8.59.2
694 silly placeDep ROOT eslint-import-resolver-node@0.3.10 OK for: eslint-config-next@14.2.35 want: ^0.3.6
695 silly fetch manifest debug@^3.2.7
696 silly fetch manifest is-core-module@^2.16.1
697 silly fetch manifest resolve@^2.0.0-next.6
698 silly placeDep ROOT eslint-import-resolver-typescript@3.10.1 OK for: eslint-config-next@14.2.35 want: ^3.5.2
699 silly fetch manifest tinyglobby@^0.2.13
700 silly fetch manifest stable-hash@^0.0.5
701 silly fetch manifest get-tsconfig@^4.10.0
702 silly fetch manifest is-bun-module@^2.0.0
703 silly fetch manifest unrs-resolver@^1.6.2
704 silly fetch manifest @nolyfill/is-core-module@1.0.39
705 silly placeDep ROOT eslint-plugin-import@2.32.0 OK for: eslint-config-next@14.2.35 want: ^2.28.1
706 silly fetch manifest @rtsao/scc@^1.1.0
707 silly fetch manifest array-includes@^3.1.9
708 silly fetch manifest array.prototype.findlastindex@^1.2.6
709 silly fetch manifest array.prototype.flat@^1.3.3
710 silly fetch manifest array.prototype.flatmap@^1.3.3
711 silly fetch manifest doctrine@^2.1.0
712 silly fetch manifest eslint-module-utils@^2.12.1
713 silly fetch manifest hasown@^2.0.2
714 silly fetch manifest object.fromentries@^2.0.8
715 silly fetch manifest object.groupby@^1.0.3
716 silly fetch manifest object.values@^1.2.1
717 silly fetch manifest semver@^6.3.1
718 silly fetch manifest string.prototype.trimend@^1.0.9
719 silly fetch manifest tsconfig-paths@^3.15.0
720 silly placeDep ROOT eslint-plugin-jsx-a11y@6.10.2 OK for: eslint-config-next@14.2.35 want: ^6.7.1
721 silly fetch manifest aria-query@^5.3.2
722 silly fetch manifest array-includes@^3.1.8
723 silly fetch manifest array.prototype.flatmap@^1.3.2
724 silly fetch manifest ast-types-flow@^0.0.8
725 silly fetch manifest axe-core@^4.10.0
726 silly fetch manifest axobject-query@^4.1.0
727 silly fetch manifest damerau-levenshtein@^1.0.8
728 silly fetch manifest emoji-regex@^9.2.2
729 silly fetch manifest jsx-ast-utils@^3.3.5
730 silly fetch manifest language-tags@^1.0.9
731 silly fetch manifest safe-regex-test@^1.0.3
732 silly fetch manifest string.prototype.includes@^2.0.1
733 silly placeDep ROOT eslint-plugin-react@7.37.5 OK for: eslint-config-next@14.2.35 want: ^7.33.2
734 silly fetch manifest array.prototype.findlast@^1.2.5
735 silly fetch manifest array.prototype.tosorted@^1.1.4
736 silly fetch manifest es-iterator-helpers@^1.2.1
737 silly fetch manifest estraverse@^5.3.0
738 silly fetch manifest jsx-ast-utils@^2.4.1 || ^3.0.0
739 silly fetch manifest object.entries@^1.1.9
740 silly fetch manifest prop-types@^15.8.1
741 silly fetch manifest resolve@^2.0.0-next.5
742 silly fetch manifest string.prototype.matchall@^4.0.12
743 silly fetch manifest string.prototype.repeat@^1.0.0
744 silly placeDep ROOT eslint-plugin-react-hooks@5.0.0-canary-7118f5dd7-20230705 OK for: eslint-config-next@14.2.35 want: ^4.5.0 || 5.0.0-canary-7118f5dd7-20230705
745 http fetch GET 200 https://registry.npmjs.org/tinyglobby 59ms (cache miss)
746 http fetch GET 200 https://registry.npmjs.org/stable-hash 61ms (cache miss)
747 http fetch GET 200 https://registry.npmjs.org/is-bun-module 61ms (cache miss)
748 http fetch GET 200 https://registry.npmjs.org/@rtsao%2fscc 69ms (cache miss)
749 http fetch GET 200 https://registry.npmjs.org/get-tsconfig 81ms (cache miss)
750 http fetch GET 200 https://registry.npmjs.org/is-core-module 85ms (cache miss)
751 http fetch GET 200 https://registry.npmjs.org/unrs-resolver 81ms (cache miss)
752 http fetch GET 200 https://registry.npmjs.org/@nolyfill%2fis-core-module 81ms (cache miss)
753 http fetch GET 200 https://registry.npmjs.org/ts-api-utils 97ms (cache miss)
754 http fetch GET 200 https://registry.npmjs.org/array-includes 98ms (cache miss)
755 http fetch GET 200 https://registry.npmjs.org/array.prototype.flat 106ms (cache miss)
756 http fetch GET 200 https://registry.npmjs.org/array.prototype.flatmap 104ms (cache miss)
757 http fetch GET 200 https://registry.npmjs.org/array.prototype.findlastindex 108ms (cache miss)
758 http fetch GET 200 https://registry.npmjs.org/glob 123ms (cache miss)
759 http fetch GET 200 https://registry.npmjs.org/hasown 110ms (cache miss)
760 http fetch GET 200 https://registry.npmjs.org/eslint-module-utils 116ms (cache miss)
761 http fetch GET 200 https://registry.npmjs.org/object.fromentries 119ms (cache miss)
762 http fetch GET 200 https://registry.npmjs.org/object.groupby 120ms (cache miss)
763 http fetch GET 200 https://registry.npmjs.org/object.values 136ms (cache miss)
764 http fetch GET 200 https://registry.npmjs.org/semver 148ms (cache miss)
765 http fetch GET 200 https://registry.npmjs.org/string.prototype.trimend 153ms (cache miss)
766 http fetch GET 200 https://registry.npmjs.org/aria-query 168ms (cache miss)
767 http fetch GET 200 https://registry.npmjs.org/tsconfig-paths 175ms (cache miss)
768 http fetch GET 200 https://registry.npmjs.org/array.prototype.flatmap 179ms (cache miss)
769 http fetch GET 200 https://registry.npmjs.org/array-includes 179ms (cache miss)
770 http fetch GET 200 https://registry.npmjs.org/ast-types-flow 185ms (cache miss)
771 http fetch GET 200 https://registry.npmjs.org/damerau-levenshtein 200ms (cache miss)
772 http fetch GET 200 https://registry.npmjs.org/axobject-query 201ms (cache miss)
773 http fetch GET 200 https://registry.npmjs.org/emoji-regex 217ms (cache miss)
774 http fetch GET 200 https://registry.npmjs.org/jsx-ast-utils 234ms (cache miss)
775 http fetch GET 200 https://registry.npmjs.org/language-tags 238ms (cache miss)
776 http fetch GET 200 https://registry.npmjs.org/safe-regex-test 257ms (cache miss)
777 http fetch GET 200 https://registry.npmjs.org/string.prototype.includes 264ms (cache miss)
778 http fetch GET 200 https://registry.npmjs.org/array.prototype.tosorted 263ms (cache miss)
779 http fetch GET 200 https://registry.npmjs.org/prop-types 318ms (cache miss)
780 http fetch GET 200 https://registry.npmjs.org/string.prototype.matchall 322ms (cache miss)
781 http fetch GET 200 https://registry.npmjs.org/string.prototype.repeat 342ms (cache miss)
782 http fetch GET 200 https://registry.npmjs.org/jsx-ast-utils 385ms (cache miss)
783 http fetch GET 200 https://registry.npmjs.org/es-iterator-helpers 387ms (cache miss)
784 http fetch GET 200 https://registry.npmjs.org/@typescript-eslint%2ftypes 465ms (cache miss)
785 http fetch GET 200 https://registry.npmjs.org/array.prototype.findlast 475ms (cache miss)
786 http fetch GET 200 https://registry.npmjs.org/object.entries 479ms (cache miss)
787 http fetch GET 200 https://registry.npmjs.org/@typescript-eslint%2ftype-utils 751ms (cache miss)
788 http fetch GET 200 https://registry.npmjs.org/@typescript-eslint%2fvisitor-keys 931ms (cache miss)
789 http fetch GET 200 https://registry.npmjs.org/axe-core 1159ms (cache miss)
790 http fetch GET 200 https://registry.npmjs.org/@typescript-eslint%2fscope-manager 1472ms (cache miss)
791 http fetch GET 200 https://registry.npmjs.org/@typescript-eslint%2ftypescript-estree 1674ms (cache miss)
792 timing idealTree:node_modules/eslint-config-next Completed in 2762ms
793 silly placeDep ROOT glob@10.3.10 OK for: @next/eslint-plugin-next@14.2.35 want: 10.3.10
794 silly fetch manifest minipass@^5.0.0 || ^6.0.2 || ^7.0.0
795 silly fetch manifest jackspeak@^2.3.5
796 silly fetch manifest minimatch@^9.0.1
797 silly fetch manifest path-scurry@^1.10.1
798 silly fetch manifest foreground-child@^3.1.0
799 http fetch GET 200 https://registry.npmjs.org/path-scurry 41ms (cache miss)
800 http fetch GET 200 https://registry.npmjs.org/foreground-child 42ms (cache miss)
801 http fetch GET 200 https://registry.npmjs.org/jackspeak 52ms (cache miss)
802 http fetch GET 200 https://registry.npmjs.org/minipass 101ms (cache miss)
803 timing idealTree:node_modules/@next/eslint-plugin-next Completed in 103ms
804 timing idealTree:node_modules/@rushstack/eslint-patch Completed in 0ms
805 silly fetch manifest typescript@>=4.8.4 <6.1.0
806 silly fetch manifest eslint@^8.57.0 || ^9.0.0 || ^10.0.0
807 silly placeDep ROOT @typescript-eslint/scope-manager@8.59.2 OK for: @typescript-eslint/eslint-plugin@8.59.2 want: 8.59.2
808 silly placeDep ROOT @typescript-eslint/type-utils@8.59.2 OK for: @typescript-eslint/eslint-plugin@8.59.2 want: 8.59.2
809 silly placeDep ROOT @typescript-eslint/utils@8.59.2 OK for: @typescript-eslint/eslint-plugin@8.59.2 want: 8.59.2
810 silly placeDep ROOT @typescript-eslint/visitor-keys@8.59.2 OK for: @typescript-eslint/eslint-plugin@8.59.2 want: 8.59.2
811 silly fetch manifest eslint-visitor-keys@^5.0.0
812 silly placeDep node_modules/@typescript-eslint/eslint-plugin ignore@7.0.5 OK for: @typescript-eslint/eslint-plugin@8.59.2 want: ^7.0.5
813 silly placeDep ROOT ts-api-utils@2.5.0 OK for: @typescript-eslint/eslint-plugin@8.59.2 want: ^2.5.0
814 timing idealTree:node_modules/@typescript-eslint/eslint-plugin Completed in 8ms
815 silly placeDep ROOT @typescript-eslint/types@8.59.2 OK for: @typescript-eslint/parser@8.59.2 want: 8.59.2
816 silly placeDep ROOT @typescript-eslint/typescript-estree@8.59.2 OK for: @typescript-eslint/parser@8.59.2 want: 8.59.2
817 silly fetch manifest semver@^7.7.3
818 silly fetch manifest minimatch@^10.2.2
819 silly fetch manifest tinyglobby@^0.2.15
820 silly fetch manifest @typescript-eslint/tsconfig-utils@8.59.2
821 silly fetch manifest @typescript-eslint/project-service@8.59.2
822 http fetch GET 200 https://registry.npmjs.org/@typescript-eslint%2ftsconfig-utils 316ms (cache miss)
823 http fetch GET 200 https://registry.npmjs.org/@typescript-eslint%2fproject-service 652ms (cache miss)
824 timing idealTree:node_modules/@typescript-eslint/parser Completed in 659ms
825 timing idealTree:node_modules/@typescript-eslint/scope-manager Completed in 0ms
826 timing idealTree:node_modules/@typescript-eslint/type-utils Completed in 0ms
827 timing idealTree:node_modules/@typescript-eslint/types Completed in 0ms
828 silly placeDep ROOT @typescript-eslint/project-service@8.59.2 OK for: @typescript-eslint/typescript-estree@8.59.2 want: 8.59.2
829 silly fetch manifest @typescript-eslint/tsconfig-utils@^8.59.2
830 silly placeDep ROOT @typescript-eslint/tsconfig-utils@8.59.2 OK for: @typescript-eslint/typescript-estree@8.59.2 want: 8.59.2
831 silly placeDep node_modules/@typescript-eslint/typescript-estree minimatch@10.2.5 OK for: @typescript-eslint/typescript-estree@8.59.2 want: ^10.2.2
832 silly fetch manifest brace-expansion@^5.0.5
833 silly placeDep ROOT semver@7.8.0 OK for: @typescript-eslint/typescript-estree@8.59.2 want: ^7.7.3
834 silly placeDep ROOT tinyglobby@0.2.16 OK for: @typescript-eslint/typescript-estree@8.59.2 want: ^0.2.15
835 silly fetch manifest fdir@^6.5.0
836 silly fetch manifest picomatch@^4.0.4
837 http fetch GET 200 https://registry.npmjs.org/picomatch 43ms (cache miss)
838 http fetch GET 200 https://registry.npmjs.org/fdir 71ms (cache miss)
839 timing idealTree:node_modules/@typescript-eslint/typescript-estree Completed in 78ms
840 timing idealTree:node_modules/@typescript-eslint/project-service Completed in 0ms
841 timing idealTree:node_modules/@typescript-eslint/tsconfig-utils Completed in 0ms
842 timing idealTree:node_modules/@typescript-eslint/utils Completed in 0ms
843 silly placeDep node_modules/@typescript-eslint/visitor-keys eslint-visitor-keys@5.0.1 OK for: @typescript-eslint/visitor-keys@8.59.2 want: ^5.0.0
844 timing idealTree:node_modules/@typescript-eslint/visitor-keys Completed in 2ms
845 silly placeDep node_modules/eslint-import-resolver-node debug@3.2.7 OK for: eslint-import-resolver-node@0.3.10 want: ^3.2.7
846 silly placeDep ROOT is-core-module@2.16.2 OK for: eslint-import-resolver-node@0.3.10 want: ^2.16.1
847 silly fetch manifest hasown@^2.0.3
848 silly placeDep ROOT resolve@2.0.0-next.6 OK for: eslint-import-resolver-node@0.3.10 want: ^2.0.0-next.6
849 silly fetch manifest es-errors@^1.3.0
850 silly fetch manifest path-parse@^1.0.7
851 silly fetch manifest object-keys@^1.1.1
852 silly fetch manifest node-exports-info@^1.6.0
853 silly fetch manifest supports-preserve-symlinks-flag@^1.0.0
854 http fetch GET 200 https://registry.npmjs.org/supports-preserve-symlinks-flag 36ms (cache miss)
855 http fetch GET 200 https://registry.npmjs.org/path-parse 37ms (cache miss)
856 http fetch GET 200 https://registry.npmjs.org/es-errors 37ms (cache miss)
857 http fetch GET 200 https://registry.npmjs.org/node-exports-info 43ms (cache miss)
858 http fetch GET 200 https://registry.npmjs.org/object-keys 45ms (cache miss)
859 timing idealTree:node_modules/eslint-import-resolver-node Completed in 50ms
860 silly placeDep ROOT @nolyfill/is-core-module@1.0.39 OK for: eslint-import-resolver-typescript@3.10.1 want: 1.0.39
861 silly placeDep ROOT get-tsconfig@4.14.0 OK for: eslint-import-resolver-typescript@3.10.1 want: ^4.10.0
862 silly fetch manifest resolve-pkg-maps@^1.0.0
863 silly placeDep ROOT is-bun-module@2.0.0 OK for: eslint-import-resolver-typescript@3.10.1 want: ^2.0.0
864 silly placeDep ROOT stable-hash@0.0.5 OK for: eslint-import-resolver-typescript@3.10.1 want: ^0.0.5
865 silly placeDep ROOT unrs-resolver@1.11.1 OK for: eslint-import-resolver-typescript@3.10.1 want: ^1.6.2
866 silly fetch manifest napi-postinstall@^0.3.0
867 silly fetch manifest @unrs/resolver-binding-win32-x64-msvc@1.11.1
868 silly fetch manifest @unrs/resolver-binding-win32-arm64-msvc@1.11.1
869 silly fetch manifest @unrs/resolver-binding-win32-ia32-msvc@1.11.1
870 silly fetch manifest @unrs/resolver-binding-linux-x64-gnu@1.11.1
871 silly fetch manifest @unrs/resolver-binding-linux-x64-musl@1.11.1
872 silly fetch manifest @unrs/resolver-binding-freebsd-x64@1.11.1
873 silly fetch manifest @unrs/resolver-binding-android-arm64@1.11.1
874 silly fetch manifest @unrs/resolver-binding-linux-arm64-gnu@1.11.1
875 silly fetch manifest @unrs/resolver-binding-linux-arm64-musl@1.11.1
876 silly fetch manifest @unrs/resolver-binding-android-arm-eabi@1.11.1
877 silly fetch manifest @unrs/resolver-binding-linux-arm-gnueabihf@1.11.1
878 silly fetch manifest @unrs/resolver-binding-linux-arm-musleabihf@1.11.1
879 silly fetch manifest @unrs/resolver-binding-linux-ppc64-gnu@1.11.1
880 silly fetch manifest @unrs/resolver-binding-linux-riscv64-gnu@1.11.1
881 silly fetch manifest @unrs/resolver-binding-linux-riscv64-musl@1.11.1
882 silly fetch manifest @unrs/resolver-binding-linux-s390x-gnu@1.11.1
883 silly fetch manifest @unrs/resolver-binding-darwin-x64@1.11.1
884 silly fetch manifest @unrs/resolver-binding-darwin-arm64@1.11.1
885 silly fetch manifest @unrs/resolver-binding-wasm32-wasi@1.11.1
886 http fetch GET 200 https://registry.npmjs.org/resolve-pkg-maps 41ms (cache miss)
887 http fetch GET 200 https://registry.npmjs.org/napi-postinstall 48ms (cache miss)
888 http fetch GET 200 https://registry.npmjs.org/@unrs%2fresolver-binding-freebsd-x64 58ms (cache miss)
889 http fetch GET 200 https://registry.npmjs.org/@unrs%2fresolver-binding-linux-arm-musleabihf 61ms (cache miss)
890 http fetch GET 200 https://registry.npmjs.org/@unrs%2fresolver-binding-linux-arm-gnueabihf 62ms (cache miss)
891 http fetch GET 200 https://registry.npmjs.org/@unrs%2fresolver-binding-linux-ppc64-gnu 67ms (cache miss)
892 http fetch GET 200 https://registry.npmjs.org/@unrs%2fresolver-binding-linux-arm64-gnu 70ms (cache miss)
893 http fetch GET 200 https://registry.npmjs.org/@unrs%2fresolver-binding-linux-riscv64-gnu 74ms (cache miss)
894 http fetch GET 200 https://registry.npmjs.org/@unrs%2fresolver-binding-wasm32-wasi 124ms (cache miss)
895 http fetch GET 200 https://registry.npmjs.org/@unrs%2fresolver-binding-win32-x64-msvc 242ms (cache miss)
896 http fetch GET 200 https://registry.npmjs.org/@unrs%2fresolver-binding-win32-arm64-msvc 259ms (cache miss)
897 http fetch GET 200 https://registry.npmjs.org/@unrs%2fresolver-binding-linux-x64-musl 281ms (cache miss)
898 http fetch GET 200 https://registry.npmjs.org/@unrs%2fresolver-binding-linux-riscv64-musl 283ms (cache miss)
899 http fetch GET 200 https://registry.npmjs.org/@unrs%2fresolver-binding-android-arm-eabi 287ms (cache miss)
900 http fetch GET 200 https://registry.npmjs.org/@unrs%2fresolver-binding-android-arm64 301ms (cache miss)
901 http fetch GET 200 https://registry.npmjs.org/@unrs%2fresolver-binding-linux-x64-gnu 316ms (cache miss)
902 http fetch GET 200 https://registry.npmjs.org/@unrs%2fresolver-binding-darwin-x64 344ms (cache miss)
903 http fetch GET 200 https://registry.npmjs.org/@unrs%2fresolver-binding-linux-s390x-gnu 358ms (cache miss)
904 http fetch GET 200 https://registry.npmjs.org/@unrs%2fresolver-binding-darwin-arm64 518ms (cache miss)
905 http fetch GET 200 https://registry.npmjs.org/@unrs%2fresolver-binding-linux-arm64-musl 522ms (cache miss)
906 http fetch GET 200 https://registry.npmjs.org/@unrs%2fresolver-binding-win32-ia32-msvc 703ms (cache miss)
907 timing idealTree:node_modules/eslint-import-resolver-typescript Completed in 708ms
908 timing idealTree:node_modules/@nolyfill/is-core-module Completed in 0ms
909 silly placeDep ROOT @rtsao/scc@1.1.0 OK for: eslint-plugin-import@2.32.0 want: ^1.1.0
910 silly placeDep ROOT array-includes@3.1.9 OK for: eslint-plugin-import@2.32.0 want: ^3.1.9
911 silly fetch manifest call-bind@^1.0.8
912 silly fetch manifest call-bound@^1.0.4
913 silly fetch manifest define-properties@^1.2.1
914 silly fetch manifest es-abstract@^1.24.0
915 silly fetch manifest es-object-atoms@^1.1.1
916 silly fetch manifest get-intrinsic@^1.3.0
917 silly fetch manifest is-string@^1.1.1
918 silly fetch manifest math-intrinsics@^1.1.0
919 silly placeDep ROOT array.prototype.findlastindex@1.2.6 OK for: eslint-plugin-import@2.32.0 want: ^1.2.6
920 silly fetch manifest es-abstract@^1.23.9
921 silly fetch manifest es-shim-unscopables@^1.1.0
922 silly placeDep ROOT array.prototype.flat@1.3.3 OK for: eslint-plugin-import@2.32.0 want: ^1.3.3
923 silly fetch manifest es-abstract@^1.23.5
924 silly fetch manifest es-shim-unscopables@^1.0.2
925 silly placeDep ROOT array.prototype.flatmap@1.3.3 OK for: eslint-plugin-import@2.32.0 want: ^1.3.3
926 silly placeDep node_modules/eslint-plugin-import debug@3.2.7 OK for: eslint-plugin-import@2.32.0 want: ^3.2.7
927 silly placeDep node_modules/eslint-plugin-import doctrine@2.1.0 OK for: eslint-plugin-import@2.32.0 want: ^2.1.0
928 silly placeDep ROOT eslint-module-utils@2.12.1 OK for: eslint-plugin-import@2.32.0 want: ^2.12.1
929 silly placeDep ROOT hasown@2.0.3 OK for: eslint-plugin-import@2.32.0 want: ^2.0.2
930 silly fetch manifest function-bind@^1.1.2
931 silly placeDep ROOT object.fromentries@2.0.8 OK for: eslint-plugin-import@2.32.0 want: ^2.0.8
932 silly fetch manifest call-bind@^1.0.7
933 silly fetch manifest es-abstract@^1.23.2
934 silly fetch manifest es-object-atoms@^1.0.0
935 silly placeDep ROOT object.groupby@1.0.3 OK for: eslint-plugin-import@2.32.0 want: ^1.0.3
936 silly placeDep ROOT object.values@1.2.1 OK for: eslint-plugin-import@2.32.0 want: ^1.2.1
937 silly fetch manifest call-bound@^1.0.3
938 silly placeDep node_modules/eslint-plugin-import semver@6.3.1 OK for: eslint-plugin-import@2.32.0 want: ^6.3.1
939 silly placeDep ROOT string.prototype.trimend@1.0.9 OK for: eslint-plugin-import@2.32.0 want: ^1.0.9
940 silly fetch manifest call-bound@^1.0.2
941 silly placeDep ROOT tsconfig-paths@3.15.0 OK for: eslint-plugin-import@2.32.0 want: ^3.15.0
942 silly fetch manifest json5@^1.0.2
943 silly fetch manifest minimist@^1.2.6
944 silly fetch manifest strip-bom@^3.0.0
945 silly fetch manifest @types/json5@^0.0.29
946 http fetch GET 200 https://registry.npmjs.org/math-intrinsics 61ms (cache miss)
947 http fetch GET 200 https://registry.npmjs.org/es-shim-unscopables 66ms (cache miss)
948 http fetch GET 200 https://registry.npmjs.org/get-intrinsic 70ms (cache miss)
949 http fetch GET 200 https://registry.npmjs.org/call-bind 62ms (cache miss)
950 http fetch GET 200 https://registry.npmjs.org/es-object-atoms 70ms (cache miss)
951 http fetch GET 200 https://registry.npmjs.org/es-shim-unscopables 76ms (cache miss)
952 http fetch GET 200 https://registry.npmjs.org/is-string 78ms (cache miss)
953 http fetch GET 200 https://registry.npmjs.org/function-bind 74ms (cache miss)
954 http fetch GET 200 https://registry.npmjs.org/call-bind 80ms (cache miss)
955 http fetch GET 200 https://registry.npmjs.org/define-properties 81ms (cache miss)
956 http fetch GET 200 https://registry.npmjs.org/es-abstract 80ms (cache miss)
957 http fetch GET 200 https://registry.npmjs.org/es-abstract 93ms (cache miss)
958 http fetch GET 200 https://registry.npmjs.org/es-abstract 94ms (cache miss)
959 http fetch GET 200 https://registry.npmjs.org/es-abstract 91ms (cache miss)
960 http fetch GET 200 https://registry.npmjs.org/es-object-atoms 91ms (cache miss)
961 http fetch GET 200 https://registry.npmjs.org/json5 89ms (cache miss)
962 http fetch GET 200 https://registry.npmjs.org/minimist 91ms (cache miss)
963 http fetch GET 200 https://registry.npmjs.org/strip-bom 109ms (cache miss)
964 http fetch GET 200 https://registry.npmjs.org/call-bound 296ms (cache miss)
965 http fetch GET 200 https://registry.npmjs.org/call-bound 286ms (cache miss)
966 http fetch GET 200 https://registry.npmjs.org/call-bound 285ms (cache miss)
967 http fetch GET 200 https://registry.npmjs.org/@types%2fjson5 351ms (cache miss)
968 timing idealTree:node_modules/eslint-plugin-import Completed in 367ms
969 timing idealTree:node_modules/@rtsao/scc Completed in 0ms
970 silly placeDep ROOT call-bind@1.0.9 OK for: array-includes@3.1.9 want: ^1.0.8
971 silly fetch manifest call-bind-apply-helpers@^1.0.2
972 silly fetch manifest es-define-property@^1.0.1
973 silly fetch manifest set-function-length@^1.2.2
974 silly placeDep ROOT call-bound@1.0.4 OK for: array-includes@3.1.9 want: ^1.0.4
975 silly placeDep ROOT define-properties@1.2.1 OK for: array-includes@3.1.9 want: ^1.2.1
976 silly fetch manifest define-data-property@^1.0.1
977 silly fetch manifest has-property-descriptors@^1.0.0
978 silly placeDep ROOT es-abstract@1.24.2 OK for: array-includes@3.1.9 want: ^1.24.0
979 silly fetch manifest array-buffer-byte-length@^1.0.2
980 silly fetch manifest arraybuffer.prototype.slice@^1.0.4
981 silly fetch manifest available-typed-arrays@^1.0.7
982 silly fetch manifest data-view-buffer@^1.0.2
983 silly fetch manifest data-view-byte-length@^1.0.2
984 silly fetch manifest data-view-byte-offset@^1.0.1
985 silly fetch manifest es-set-tostringtag@^2.1.0
986 silly fetch manifest es-to-primitive@^1.3.0
987 silly fetch manifest function.prototype.name@^1.1.8
988 silly fetch manifest get-proto@^1.0.1
989 silly fetch manifest get-symbol-description@^1.1.0
990 silly fetch manifest globalthis@^1.0.4
991 silly fetch manifest gopd@^1.2.0
992 silly fetch manifest has-property-descriptors@^1.0.2
993 silly fetch manifest has-proto@^1.2.0
994 silly fetch manifest has-symbols@^1.1.0
995 silly fetch manifest internal-slot@^1.1.0
996 silly fetch manifest is-array-buffer@^3.0.5
997 silly fetch manifest is-callable@^1.2.7
998 silly fetch manifest is-data-view@^1.0.2
999 silly fetch manifest is-negative-zero@^2.0.3
1000 silly fetch manifest is-regex@^1.2.1
1001 silly fetch manifest is-set@^2.0.3
1002 silly fetch manifest is-shared-array-buffer@^1.0.4
1003 silly fetch manifest is-typed-array@^1.1.15
1004 silly fetch manifest is-weakref@^1.1.1
1005 silly fetch manifest object-inspect@^1.13.4
1006 silly fetch manifest object.assign@^4.1.7
1007 silly fetch manifest own-keys@^1.0.1
1008 silly fetch manifest regexp.prototype.flags@^1.5.4
1009 silly fetch manifest safe-array-concat@^1.1.3
1010 silly fetch manifest safe-push-apply@^1.0.0
1011 silly fetch manifest safe-regex-test@^1.1.0
1012 silly fetch manifest set-proto@^1.0.0
1013 silly fetch manifest stop-iteration-iterator@^1.1.0
1014 silly fetch manifest string.prototype.trim@^1.2.10
1015 silly fetch manifest string.prototype.trimstart@^1.0.8
1016 silly fetch manifest typed-array-buffer@^1.0.3
1017 silly fetch manifest typed-array-byte-length@^1.0.3
1018 silly fetch manifest typed-array-byte-offset@^1.0.4
1019 silly fetch manifest typed-array-length@^1.0.7
1020 silly fetch manifest unbox-primitive@^1.1.0
1021 silly fetch manifest which-typed-array@^1.1.19
1022 silly placeDep ROOT es-object-atoms@1.1.1 OK for: array-includes@3.1.9 want: ^1.1.1
1023 silly placeDep ROOT get-intrinsic@1.3.0 OK for: array-includes@3.1.9 want: ^1.3.0
1024 silly placeDep ROOT is-string@1.1.1 OK for: array-includes@3.1.9 want: ^1.1.1
1025 silly fetch manifest has-tostringtag@^1.0.2
1026 silly placeDep ROOT math-intrinsics@1.1.0 OK for: array-includes@3.1.9 want: ^1.1.0
1027 http fetch GET 200 https://registry.npmjs.org/data-view-buffer 53ms (cache miss)
1028 http fetch GET 200 https://registry.npmjs.org/es-set-tostringtag 59ms (cache miss)
1029 http fetch GET 200 https://registry.npmjs.org/arraybuffer.prototype.slice 61ms (cache miss)
1030 http fetch GET 200 https://registry.npmjs.org/es-to-primitive 60ms (cache miss)
1031 http fetch GET 200 https://registry.npmjs.org/data-view-byte-length 61ms (cache miss)
1032 http fetch GET 200 https://registry.npmjs.org/available-typed-arrays 62ms (cache miss)
1033 http fetch GET 200 https://registry.npmjs.org/es-define-property 72ms (cache miss)
1034 http fetch GET 200 https://registry.npmjs.org/get-proto 60ms (cache miss)
1035 http fetch GET 200 https://registry.npmjs.org/has-property-descriptors 66ms (cache miss)
1036 http fetch GET 200 https://registry.npmjs.org/data-view-byte-offset 62ms (cache miss)
1037 http fetch GET 200 https://registry.npmjs.org/define-data-property 67ms (cache miss)
1038 http fetch GET 200 https://registry.npmjs.org/function.prototype.name 62ms (cache miss)
1039 http fetch GET 200 https://registry.npmjs.org/array-buffer-byte-length 65ms (cache miss)
1040 http fetch GET 200 https://registry.npmjs.org/set-function-length 72ms (cache miss)
1041 http fetch GET 200 https://registry.npmjs.org/call-bind-apply-helpers 81ms (cache miss)
1042 http fetch GET 200 https://registry.npmjs.org/gopd 80ms (cache miss)
1043 http fetch GET 200 https://registry.npmjs.org/get-symbol-description 81ms (cache miss)
1044 http fetch GET 200 https://registry.npmjs.org/globalthis 87ms (cache miss)
1045 http fetch GET 200 https://registry.npmjs.org/has-proto 86ms (cache miss)
1046 http fetch GET 200 https://registry.npmjs.org/has-property-descriptors 87ms (cache miss)
1047 http fetch GET 200 https://registry.npmjs.org/has-symbols 86ms (cache miss)
1048 http fetch GET 200 https://registry.npmjs.org/is-callable 89ms (cache miss)
1049 http fetch GET 200 https://registry.npmjs.org/is-array-buffer 90ms (cache miss)
1050 http fetch GET 200 https://registry.npmjs.org/is-data-view 90ms (cache miss)
1051 http fetch GET 200 https://registry.npmjs.org/internal-slot 91ms (cache miss)
1052 http fetch GET 200 https://registry.npmjs.org/is-regex 90ms (cache miss)
1053 http fetch GET 200 https://registry.npmjs.org/is-shared-array-buffer 93ms (cache miss)
1054 http fetch GET 200 https://registry.npmjs.org/is-weakref 105ms (cache miss)
1055 http fetch GET 200 https://registry.npmjs.org/is-typed-array 107ms (cache miss)
1056 http fetch GET 200 https://registry.npmjs.org/own-keys 111ms (cache miss)
1057 http fetch GET 200 https://registry.npmjs.org/regexp.prototype.flags 112ms (cache miss)
1058 http fetch GET 200 https://registry.npmjs.org/safe-array-concat 119ms (cache miss)
1059 http fetch GET 200 https://registry.npmjs.org/safe-push-apply 116ms (cache miss)
1060 http fetch GET 200 https://registry.npmjs.org/object.assign 120ms (cache miss)
1061 http fetch GET 200 https://registry.npmjs.org/string.prototype.trimstart 119ms (cache miss)
1062 http fetch GET 200 https://registry.npmjs.org/string.prototype.trim 122ms (cache miss)
1063 http fetch GET 200 https://registry.npmjs.org/typed-array-byte-length 127ms (cache miss)
1064 http fetch GET 200 https://registry.npmjs.org/typed-array-buffer 128ms (cache miss)
1065 http fetch GET 200 https://registry.npmjs.org/typed-array-length 141ms (cache miss)
1066 http fetch GET 200 https://registry.npmjs.org/typed-array-byte-offset 142ms (cache miss)
1067 http fetch GET 200 https://registry.npmjs.org/has-tostringtag 143ms (cache miss)
1068 http fetch GET 200 https://registry.npmjs.org/which-typed-array 145ms (cache miss)
1069 http fetch GET 200 https://registry.npmjs.org/is-negative-zero 307ms (cache miss)
1070 http fetch GET 200 https://registry.npmjs.org/object-inspect 329ms (cache miss)
1071 http fetch GET 200 https://registry.npmjs.org/is-set 340ms (cache miss)
1072 http fetch GET 200 https://registry.npmjs.org/set-proto 345ms (cache miss)
1073 http fetch GET 200 https://registry.npmjs.org/stop-iteration-iterator 345ms (cache miss)
1074 http fetch GET 200 https://registry.npmjs.org/unbox-primitive 373ms (cache miss)
1075 timing idealTree:node_modules/array-includes Completed in 402ms
1076 silly placeDep ROOT es-errors@1.3.0 OK for: array.prototype.findlastindex@1.2.6 want: ^1.3.0
1077 silly placeDep ROOT es-shim-unscopables@1.1.0 OK for: array.prototype.findlastindex@1.2.6 want: ^1.1.0
1078 timing idealTree:node_modules/array.prototype.findlastindex Completed in 2ms
1079 timing idealTree:node_modules/array.prototype.flat Completed in 0ms
1080 timing idealTree:node_modules/array.prototype.flatmap Completed in 0ms
1081 silly placeDep ROOT call-bind-apply-helpers@1.0.2 OK for: call-bind@1.0.9 want: ^1.0.2
1082 silly placeDep ROOT es-define-property@1.0.1 OK for: call-bind@1.0.9 want: ^1.0.1
1083 silly placeDep ROOT set-function-length@1.2.2 OK for: call-bind@1.0.9 want: ^1.2.2
1084 silly fetch manifest define-data-property@^1.1.4
1085 silly fetch manifest gopd@^1.0.1
1086 timing idealTree:node_modules/call-bind Completed in 3ms
1087 silly placeDep ROOT function-bind@1.1.2 OK for: call-bind-apply-helpers@1.0.2 want: ^1.1.2
1088 timing idealTree:node_modules/call-bind-apply-helpers Completed in 0ms
1089 timing idealTree:node_modules/call-bound Completed in 0ms
1090 silly placeDep ROOT define-data-property@1.1.4 OK for: define-properties@1.2.1 want: ^1.0.1
1091 silly placeDep ROOT has-property-descriptors@1.0.2 OK for: define-properties@1.2.1 want: ^1.0.0
1092 silly placeDep ROOT object-keys@1.1.1 OK for: define-properties@1.2.1 want: ^1.1.1
1093 timing idealTree:node_modules/define-properties Completed in 2ms
1094 silly placeDep ROOT gopd@1.2.0 OK for: define-data-property@1.1.4 want: ^1.0.1
1095 timing idealTree:node_modules/define-data-property Completed in 1ms
1096 silly placeDep ROOT array-buffer-byte-length@1.0.2 OK for: es-abstract@1.24.2 want: ^1.0.2
1097 silly placeDep ROOT arraybuffer.prototype.slice@1.0.4 OK for: es-abstract@1.24.2 want: ^1.0.4
1098 silly fetch manifest is-array-buffer@^3.0.4
1099 silly placeDep ROOT available-typed-arrays@1.0.7 OK for: es-abstract@1.24.2 want: ^1.0.7
1100 silly fetch manifest possible-typed-array-names@^1.0.0
1101 silly placeDep ROOT data-view-buffer@1.0.2 OK for: es-abstract@1.24.2 want: ^1.0.2
1102 silly placeDep ROOT data-view-byte-length@1.0.2 OK for: es-abstract@1.24.2 want: ^1.0.2
1103 silly placeDep ROOT data-view-byte-offset@1.0.1 OK for: es-abstract@1.24.2 want: ^1.0.1
1104 silly fetch manifest is-data-view@^1.0.1
1105 silly placeDep ROOT es-set-tostringtag@2.1.0 OK for: es-abstract@1.24.2 want: ^2.1.0
1106 silly placeDep ROOT es-to-primitive@1.3.0 OK for: es-abstract@1.24.2 want: ^1.3.0
1107 silly fetch manifest is-date-object@^1.0.5
1108 silly fetch manifest is-symbol@^1.0.4
1109 silly placeDep ROOT function.prototype.name@1.1.8 OK for: es-abstract@1.24.2 want: ^1.1.8
1110 silly fetch manifest functions-have-names@^1.2.3
1111 silly placeDep ROOT get-proto@1.0.1 OK for: es-abstract@1.24.2 want: ^1.0.1
1112 silly fetch manifest dunder-proto@^1.0.1
1113 silly placeDep ROOT get-symbol-description@1.1.0 OK for: es-abstract@1.24.2 want: ^1.1.0
1114 silly placeDep ROOT globalthis@1.0.4 OK for: es-abstract@1.24.2 want: ^1.0.4
1115 silly placeDep ROOT has-proto@1.2.0 OK for: es-abstract@1.24.2 want: ^1.2.0
1116 silly fetch manifest dunder-proto@^1.0.0
1117 silly placeDep ROOT has-symbols@1.1.0 OK for: es-abstract@1.24.2 want: ^1.1.0
1118 silly placeDep ROOT internal-slot@1.1.0 OK for: es-abstract@1.24.2 want: ^1.1.0
1119 silly fetch manifest side-channel@^1.1.0
1120 silly placeDep ROOT is-array-buffer@3.0.5 OK for: es-abstract@1.24.2 want: ^3.0.5
1121 silly placeDep ROOT is-callable@1.2.7 OK for: es-abstract@1.24.2 want: ^1.2.7
1122 silly placeDep ROOT is-data-view@1.0.2 OK for: es-abstract@1.24.2 want: ^1.0.2
1123 silly fetch manifest is-typed-array@^1.1.13
1124 silly placeDep ROOT is-negative-zero@2.0.3 OK for: es-abstract@1.24.2 want: ^2.0.3
1125 silly placeDep ROOT is-regex@1.2.1 OK for: es-abstract@1.24.2 want: ^1.2.1
1126 silly placeDep ROOT is-set@2.0.3 OK for: es-abstract@1.24.2 want: ^2.0.3
1127 silly placeDep ROOT is-shared-array-buffer@1.0.4 OK for: es-abstract@1.24.2 want: ^1.0.4
1128 silly placeDep ROOT is-typed-array@1.1.15 OK for: es-abstract@1.24.2 want: ^1.1.15
1129 silly fetch manifest which-typed-array@^1.1.16
1130 silly placeDep ROOT is-weakref@1.1.1 OK for: es-abstract@1.24.2 want: ^1.1.1
1131 silly placeDep ROOT object-inspect@1.13.4 OK for: es-abstract@1.24.2 want: ^1.13.4
1132 silly placeDep ROOT object.assign@4.1.7 OK for: es-abstract@1.24.2 want: ^4.1.7
1133 silly placeDep ROOT own-keys@1.0.1 OK for: es-abstract@1.24.2 want: ^1.0.1
1134 silly placeDep ROOT regexp.prototype.flags@1.5.4 OK for: es-abstract@1.24.2 want: ^1.5.4
1135 silly fetch manifest set-function-name@^2.0.2
1136 silly placeDep ROOT safe-array-concat@1.1.4 OK for: es-abstract@1.24.2 want: ^1.1.3
1137 silly fetch manifest isarray@^2.0.5
1138 silly placeDep ROOT safe-push-apply@1.0.0 OK for: es-abstract@1.24.2 want: ^1.0.0
1139 silly placeDep ROOT safe-regex-test@1.1.0 OK for: es-abstract@1.24.2 want: ^1.1.0
1140 silly placeDep ROOT set-proto@1.0.0 OK for: es-abstract@1.24.2 want: ^1.0.0
1141 silly placeDep ROOT stop-iteration-iterator@1.1.0 OK for: es-abstract@1.24.2 want: ^1.1.0
1142 silly placeDep ROOT string.prototype.trim@1.2.10 OK for: es-abstract@1.24.2 want: ^1.2.10
1143 silly placeDep ROOT string.prototype.trimstart@1.0.8 OK for: es-abstract@1.24.2 want: ^1.0.8
1144 silly placeDep ROOT typed-array-buffer@1.0.3 OK for: es-abstract@1.24.2 want: ^1.0.3
1145 silly placeDep ROOT typed-array-byte-length@1.0.3 OK for: es-abstract@1.24.2 want: ^1.0.3
1146 silly fetch manifest for-each@^0.3.3
1147 silly placeDep ROOT typed-array-byte-offset@1.0.4 OK for: es-abstract@1.24.2 want: ^1.0.4
1148 silly fetch manifest reflect.getprototypeof@^1.0.9
1149 silly placeDep ROOT typed-array-length@1.0.7 OK for: es-abstract@1.24.2 want: ^1.0.7
1150 silly fetch manifest reflect.getprototypeof@^1.0.6
1151 silly placeDep ROOT unbox-primitive@1.1.0 OK for: es-abstract@1.24.2 want: ^1.1.0
1152 silly fetch manifest has-bigints@^1.0.2
1153 silly fetch manifest which-boxed-primitive@^1.1.1
1154 silly placeDep ROOT which-typed-array@1.1.20 OK for: es-abstract@1.24.2 want: ^1.1.19
1155 silly fetch manifest for-each@^0.3.5
1156 http fetch GET 200 https://registry.npmjs.org/functions-have-names 52ms (cache miss)
1157 http fetch GET 200 https://registry.npmjs.org/possible-typed-array-names 57ms (cache miss)
1158 http fetch GET 200 https://registry.npmjs.org/reflect.getprototypeof 41ms (cache miss)
1159 http fetch GET 200 https://registry.npmjs.org/isarray 51ms (cache miss)
1160 http fetch GET 200 https://registry.npmjs.org/dunder-proto 59ms (cache miss)
1161 http fetch GET 200 https://registry.npmjs.org/set-function-name 53ms (cache miss)
1162 http fetch GET 200 https://registry.npmjs.org/has-bigints 47ms (cache miss)
1163 http fetch GET 200 https://registry.npmjs.org/is-date-object 62ms (cache miss)
1164 http fetch GET 200 https://registry.npmjs.org/for-each 49ms (cache miss)
1165 http fetch GET 200 https://registry.npmjs.org/is-symbol 62ms (cache miss)
1166 http fetch GET 200 https://registry.npmjs.org/side-channel 59ms (cache miss)
1167 http fetch GET 200 https://registry.npmjs.org/for-each 47ms (cache miss)
1168 http fetch GET 200 https://registry.npmjs.org/which-boxed-primitive 48ms (cache miss)
1169 http fetch GET 200 https://registry.npmjs.org/dunder-proto 61ms (cache miss)
1170 http fetch GET 200 https://registry.npmjs.org/reflect.getprototypeof 51ms (cache miss)
1171 timing idealTree:node_modules/es-abstract Completed in 78ms
1172 timing idealTree:node_modules/array-buffer-byte-length Completed in 0ms
1173 timing idealTree:node_modules/arraybuffer.prototype.slice Completed in 0ms
1174 silly placeDep ROOT possible-typed-array-names@1.1.0 OK for: available-typed-arrays@1.0.7 want: ^1.0.0
1175 timing idealTree:node_modules/available-typed-arrays Completed in 1ms
1176 timing idealTree:node_modules/data-view-buffer Completed in 0ms
1177 timing idealTree:node_modules/data-view-byte-length Completed in 0ms
1178 timing idealTree:node_modules/data-view-byte-offset Completed in 0ms
1179 timing idealTree:node_modules/es-define-property Completed in 0ms
1180 timing idealTree:node_modules/es-errors Completed in 0ms
1181 timing idealTree:node_modules/es-object-atoms Completed in 0ms
1182 silly placeDep ROOT has-tostringtag@1.0.2 OK for: es-set-tostringtag@2.1.0 want: ^1.0.2
1183 timing idealTree:node_modules/es-set-tostringtag Completed in 1ms
1184 timing idealTree:node_modules/es-shim-unscopables Completed in 0ms
1185 silly placeDep ROOT is-date-object@1.1.0 OK for: es-to-primitive@1.3.0 want: ^1.0.5
1186 silly placeDep ROOT is-symbol@1.1.1 OK for: es-to-primitive@1.3.0 want: ^1.0.4
1187 timing idealTree:node_modules/es-to-primitive Completed in 1ms
1188 silly placeDep node_modules/eslint-module-utils debug@3.2.7 OK for: eslint-module-utils@2.12.1 want: ^3.2.7
1189 timing idealTree:node_modules/eslint-module-utils Completed in 1ms
1190 silly placeDep ROOT aria-query@5.3.2 OK for: eslint-plugin-jsx-a11y@6.10.2 want: ^5.3.2
1191 silly placeDep ROOT ast-types-flow@0.0.8 OK for: eslint-plugin-jsx-a11y@6.10.2 want: ^0.0.8
1192 silly placeDep ROOT axe-core@4.11.4 OK for: eslint-plugin-jsx-a11y@6.10.2 want: ^4.10.0
1193 silly placeDep ROOT axobject-query@4.1.0 OK for: eslint-plugin-jsx-a11y@6.10.2 want: ^4.1.0
1194 silly placeDep ROOT damerau-levenshtein@1.0.8 OK for: eslint-plugin-jsx-a11y@6.10.2 want: ^1.0.8
1195 silly placeDep ROOT emoji-regex@9.2.2 OK for: eslint-plugin-jsx-a11y@6.10.2 want: ^9.2.2
1196 silly placeDep ROOT jsx-ast-utils@3.3.5 OK for: eslint-plugin-jsx-a11y@6.10.2 want: ^3.3.5
1197 silly placeDep ROOT language-tags@1.0.9 OK for: eslint-plugin-jsx-a11y@6.10.2 want: ^1.0.9
1198 silly fetch manifest language-subtag-registry@^0.3.20
1199 silly placeDep ROOT string.prototype.includes@2.0.1 OK for: eslint-plugin-jsx-a11y@6.10.2 want: ^2.0.1
1200 http fetch GET 200 https://registry.npmjs.org/language-subtag-registry 35ms (cache miss)
1201 timing idealTree:node_modules/eslint-plugin-jsx-a11y Completed in 38ms
1202 timing idealTree:node_modules/aria-query Completed in 0ms
1203 timing idealTree:node_modules/ast-types-flow Completed in 0ms
1204 timing idealTree:node_modules/axe-core Completed in 0ms
1205 timing idealTree:node_modules/axobject-query Completed in 0ms
1206 timing idealTree:node_modules/damerau-levenshtein Completed in 0ms
1207 timing idealTree:node_modules/emoji-regex Completed in 0ms
1208 silly placeDep ROOT array.prototype.findlast@1.2.5 OK for: eslint-plugin-react@7.37.5 want: ^1.2.5
1209 silly placeDep ROOT array.prototype.tosorted@1.1.4 OK for: eslint-plugin-react@7.37.5 want: ^1.1.4
1210 silly placeDep node_modules/eslint-plugin-react doctrine@2.1.0 OK for: eslint-plugin-react@7.37.5 want: ^2.1.0
1211 silly placeDep ROOT es-iterator-helpers@1.3.2 OK for: eslint-plugin-react@7.37.5 want: ^1.2.1
1212 silly fetch manifest iterator.prototype@^1.1.5
1213 silly placeDep ROOT estraverse@5.3.0 OK for: eslint-plugin-react@7.37.5 want: ^5.3.0
1214 silly placeDep ROOT object.entries@1.1.9 OK for: eslint-plugin-react@7.37.5 want: ^1.1.9
1215 silly placeDep ROOT prop-types@15.8.1 OK for: eslint-plugin-react@7.37.5 want: ^15.8.1
1216 silly fetch manifest loose-envify@^1.4.0
1217 silly fetch manifest object-assign@^4.1.1
1218 silly fetch manifest react-is@^16.13.1
1219 silly placeDep node_modules/eslint-plugin-react semver@6.3.1 OK for: eslint-plugin-react@7.37.5 want: ^6.3.1
1220 silly placeDep ROOT string.prototype.matchall@4.0.12 OK for: eslint-plugin-react@7.37.5 want: ^4.0.12
1221 silly placeDep ROOT string.prototype.repeat@1.0.0 OK for: eslint-plugin-react@7.37.5 want: ^1.0.0
1222 http fetch GET 200 https://registry.npmjs.org/iterator.prototype 54ms (cache miss)
1223 http fetch GET 200 https://registry.npmjs.org/object-assign 56ms (cache miss)
1224 http fetch GET 200 https://registry.npmjs.org/react-is 523ms (cache miss)
1225 timing idealTree:node_modules/eslint-plugin-react Completed in 549ms
1226 timing idealTree:node_modules/array.prototype.findlast Completed in 0ms
1227 timing idealTree:node_modules/array.prototype.tosorted Completed in 0ms
1228 silly placeDep ROOT iterator.prototype@1.1.5 OK for: es-iterator-helpers@1.3.2 want: ^1.1.5
1229 timing idealTree:node_modules/es-iterator-helpers Completed in 1ms
1230 timing idealTree:node_modules/eslint-plugin-react-hooks Completed in 0ms
1231 silly placeDep ROOT esrecurse@4.3.0 OK for: eslint-scope@7.2.2 want: ^4.3.0
1232 timing idealTree:node_modules/eslint-scope Completed in 1ms
1233 timing idealTree:node_modules/eslint-visitor-keys Completed in 0ms
1234 silly placeDep ROOT acorn@8.16.0 OK for: espree@9.6.1 want: ^8.9.0
1235 silly placeDep ROOT acorn-jsx@5.3.2 OK for: espree@9.6.1 want: ^5.3.2
1236 timing idealTree:node_modules/espree Completed in 1ms
1237 timing idealTree:node_modules/acorn Completed in 0ms
1238 timing idealTree:node_modules/acorn-jsx Completed in 0ms
1239 timing idealTree:node_modules/esquery Completed in 0ms
1240 timing idealTree:node_modules/esrecurse Completed in 0ms
1241 timing idealTree:node_modules/estraverse Completed in 0ms
1242 timing idealTree:node_modules/esutils Completed in 0ms
1243 timing idealTree:node_modules/fast-deep-equal Completed in 0ms
1244 timing idealTree:node_modules/fast-json-stable-stringify Completed in 0ms
1245 silly placeDep ROOT reusify@1.1.0 OK for: fastq@1.20.1 want: ^1.0.4
1246 timing idealTree:node_modules/fastq Completed in 1ms
1247 silly placeDep ROOT flat-cache@3.2.0 OK for: file-entry-cache@6.0.1 want: ^3.0.4
1248 silly fetch manifest keyv@^4.5.3
1249 silly fetch manifest rimraf@^3.0.2
1250 silly fetch manifest flatted@^3.2.9
1251 http fetch GET 200 https://registry.npmjs.org/rimraf 44ms (cache miss)
1252 http fetch GET 200 https://registry.npmjs.org/flatted 60ms (cache miss)
1253 http fetch GET 200 https://registry.npmjs.org/keyv 279ms (cache miss)
1254 timing idealTree:node_modules/file-entry-cache Completed in 282ms
1255 silly placeDep ROOT locate-path@6.0.0 OK for: find-up@5.0.0 want: ^6.0.0
1256 silly fetch manifest p-locate@^5.0.0
1257 silly placeDep ROOT path-exists@4.0.0 OK for: find-up@5.0.0 want: ^4.0.0
1258 http fetch GET 200 https://registry.npmjs.org/p-locate 44ms (cache miss)
1259 timing idealTree:node_modules/find-up Completed in 47ms
1260 silly placeDep ROOT flatted@3.4.2 OK for: flat-cache@3.2.0 want: ^3.2.9
1261 silly placeDep ROOT keyv@4.5.4 OK for: flat-cache@3.2.0 want: ^4.5.3
1262 silly fetch manifest json-buffer@3.0.1
1263 silly placeDep ROOT rimraf@3.0.2 OK for: flat-cache@3.2.0 want: ^3.0.2
1264 silly fetch manifest glob@^7.1.3
1265 http fetch GET 200 https://registry.npmjs.org/json-buffer 44ms (cache miss)
1266 timing idealTree:node_modules/flat-cache Completed in 46ms
1267 timing idealTree:node_modules/flatted Completed in 0ms
1268 timing idealTree:node_modules/fraction.js Completed in 0ms
1269 timing idealTree:node_modules/function-bind Completed in 0ms
1270 silly placeDep ROOT functions-have-names@1.2.3 OK for: function.prototype.name@1.1.8 want: ^1.2.3
1271 timing idealTree:node_modules/function.prototype.name Completed in 1ms
1272 timing idealTree:node_modules/functions-have-names Completed in 0ms
1273 timing idealTree:node_modules/get-intrinsic Completed in 0ms
1274 silly placeDep ROOT dunder-proto@1.0.1 OK for: get-proto@1.0.1 want: ^1.0.1
1275 timing idealTree:node_modules/get-proto Completed in 1ms
1276 timing idealTree:node_modules/dunder-proto Completed in 0ms
1277 timing idealTree:node_modules/get-symbol-description Completed in 0ms
1278 silly placeDep ROOT resolve-pkg-maps@1.0.0 OK for: get-tsconfig@4.14.0 want: ^1.0.0
1279 timing idealTree:node_modules/get-tsconfig Completed in 1ms
1280 silly placeDep ROOT foreground-child@3.3.1 OK for: glob@10.3.10 want: ^3.1.0
1281 silly fetch manifest signal-exit@^4.0.1
1282 silly placeDep ROOT jackspeak@2.3.6 OK for: glob@10.3.10 want: ^2.3.5
1283 silly fetch manifest @isaacs/cliui@^8.0.2
1284 silly fetch manifest @pkgjs/parseargs@^0.11.0
1285 silly placeDep node_modules/glob minimatch@9.0.9 OK for: glob@10.3.10 want: ^9.0.1
1286 silly fetch manifest brace-expansion@^2.0.2
1287 silly placeDep ROOT minipass@7.1.3 OK for: glob@10.3.10 want: ^5.0.0 || ^6.0.2 || ^7.0.0
1288 silly placeDep ROOT path-scurry@1.11.1 OK for: glob@10.3.10 want: ^1.10.1
1289 silly fetch manifest lru-cache@^10.2.0
1290 http fetch GET 200 https://registry.npmjs.org/signal-exit 46ms (cache miss)
1291 http fetch GET 200 https://registry.npmjs.org/@pkgjs%2fparseargs 54ms (cache miss)
1292 http fetch GET 200 https://registry.npmjs.org/lru-cache 78ms (cache miss)
1293 http fetch GET 200 https://registry.npmjs.org/@isaacs%2fcliui 497ms (cache miss)
1294 timing idealTree:node_modules/glob Completed in 501ms
1295 silly placeDep ROOT signal-exit@4.1.0 OK for: foreground-child@3.3.1 want: ^4.0.1
1296 timing idealTree:node_modules/foreground-child Completed in 2ms
1297 timing idealTree:node_modules/glob-parent Completed in 0ms
1298 silly placeDep ROOT type-fest@0.20.2 OK for: globals@13.24.0 want: ^0.20.2
1299 timing idealTree:node_modules/globals Completed in 1ms
1300 timing idealTree:node_modules/globalthis Completed in 0ms
1301 timing idealTree:node_modules/gopd Completed in 0ms
1302 timing idealTree:node_modules/graphemer Completed in 0ms
1303 timing idealTree:node_modules/has-property-descriptors Completed in 0ms
1304 timing idealTree:node_modules/has-proto Completed in 0ms
1305 timing idealTree:node_modules/has-symbols Completed in 0ms
1306 timing idealTree:node_modules/has-tostringtag Completed in 0ms
1307 timing idealTree:node_modules/hasown Completed in 0ms
1308 timing idealTree:node_modules/ignore Completed in 0ms
1309 silly placeDep ROOT parent-module@1.0.1 OK for: import-fresh@3.3.1 want: ^1.0.0
1310 silly fetch manifest callsites@^3.0.0
1311 silly placeDep ROOT resolve-from@4.0.0 OK for: import-fresh@3.3.1 want: ^4.0.0
1312 http fetch GET 200 https://registry.npmjs.org/callsites 45ms (cache miss)
1313 timing idealTree:node_modules/import-fresh Completed in 46ms
1314 timing idealTree:node_modules/imurmurhash Completed in 0ms
1315 silly placeDep ROOT side-channel@1.1.0 OK for: internal-slot@1.1.0 want: ^1.1.0
1316 silly fetch manifest side-channel-list@^1.0.0
1317 silly fetch manifest side-channel-map@^1.0.1
1318 silly fetch manifest side-channel-weakmap@^1.0.2
1319 http fetch GET 200 https://registry.npmjs.org/side-channel-map 40ms (cache miss)
1320 http fetch GET 200 https://registry.npmjs.org/side-channel-list 49ms (cache miss)
1321 http fetch GET 200 https://registry.npmjs.org/side-channel-weakmap 267ms (cache miss)
1322 timing idealTree:node_modules/internal-slot Completed in 272ms
1323 timing idealTree:node_modules/is-array-buffer Completed in 1ms
1324 timing idealTree:node_modules/is-bun-module Completed in 0ms
1325 timing idealTree:node_modules/is-callable Completed in 0ms
1326 timing idealTree:node_modules/is-core-module Completed in 0ms
1327 timing idealTree:node_modules/is-data-view Completed in 0ms
1328 timing idealTree:node_modules/is-date-object Completed in 0ms
1329 silly placeDep ROOT is-extglob@2.1.1 OK for: is-glob@4.0.3 want: ^2.1.1
1330 timing idealTree:node_modules/is-glob Completed in 4ms
1331 timing idealTree:node_modules/is-extglob Completed in 0ms
1332 timing idealTree:node_modules/is-negative-zero Completed in 0ms
1333 timing idealTree:node_modules/is-path-inside Completed in 0ms
1334 timing idealTree:node_modules/is-regex Completed in 0ms
1335 timing idealTree:node_modules/is-set Completed in 0ms
1336 timing idealTree:node_modules/is-shared-array-buffer Completed in 0ms
1337 timing idealTree:node_modules/is-string Completed in 0ms
1338 timing idealTree:node_modules/is-symbol Completed in 0ms
1339 timing idealTree:node_modules/is-typed-array Completed in 0ms
1340 timing idealTree:node_modules/is-weakref Completed in 0ms
1341 silly placeDep ROOT set-function-name@2.0.2 OK for: iterator.prototype@1.1.5 want: ^2.0.2
1342 timing idealTree:node_modules/iterator.prototype Completed in 2ms
1343 silly placeDep ROOT @isaacs/cliui@8.0.2 OK for: jackspeak@2.3.6 want: ^8.0.2
1344 silly fetch manifest wrap-ansi@^8.1.0
1345 silly fetch manifest strip-ansi@^7.0.1
1346 silly fetch manifest string-width@^5.1.2
1347 silly fetch manifest wrap-ansi-cjs@npm:wrap-ansi@^7.0.0
1348 silly fetch manifest strip-ansi-cjs@npm:strip-ansi@^6.0.1
1349 silly fetch manifest string-width-cjs@npm:string-width@^4.2.0
1350 silly placeDep ROOT @pkgjs/parseargs@0.11.0 OK for: jackspeak@2.3.6 want: ^0.11.0
1351 http fetch GET 200 https://registry.npmjs.org/string-width 40ms (cache miss)
1352 http fetch GET 200 https://registry.npmjs.org/wrap-ansi 41ms (cache miss)
1353 http fetch GET 200 https://registry.npmjs.org/wrap-ansi 44ms (cache miss)
1354 http fetch GET 200 https://registry.npmjs.org/string-width 67ms (cache miss)
1355 timing idealTree:node_modules/jackspeak Completed in 73ms
1356 silly placeDep ROOT string-width@5.1.2 OK for: @isaacs/cliui@8.0.2 want: ^5.1.2
1357 silly fetch manifest eastasianwidth@^0.2.0
1358 silly placeDep ROOT string-width-cjs@4.2.3 OK for: @isaacs/cliui@8.0.2 want: npm:string-width@^4.2.0
1359 silly fetch manifest emoji-regex@^8.0.0
1360 silly fetch manifest is-fullwidth-code-point@^3.0.0
1361 silly placeDep node_modules/@isaacs/cliui strip-ansi@7.2.0 OK for: @isaacs/cliui@8.0.2 want: ^7.0.1
1362 silly fetch manifest ansi-regex@^6.2.2
1363 silly placeDep ROOT strip-ansi-cjs@6.0.1 OK for: @isaacs/cliui@8.0.2 want: npm:strip-ansi@^6.0.1
1364 silly placeDep ROOT wrap-ansi@8.1.0 OK for: @isaacs/cliui@8.0.2 want: ^8.1.0
1365 silly fetch manifest ansi-styles@^6.1.0
1366 silly placeDep ROOT wrap-ansi-cjs@7.0.0 OK for: @isaacs/cliui@8.0.2 want: npm:wrap-ansi@^7.0.0
1367 silly fetch manifest string-width@^4.1.0
1368 http fetch GET 200 https://registry.npmjs.org/is-fullwidth-code-point 49ms (cache miss)
1369 http fetch GET 200 https://registry.npmjs.org/eastasianwidth 274ms (cache miss)
1370 timing idealTree:node_modules/@isaacs/cliui Completed in 277ms
1371 timing idealTree:node_modules/@pkgjs/parseargs Completed in 0ms
1372 silly placeDep ROOT argparse@2.0.1 OK for: js-yaml@4.1.1 want: ^2.0.1
1373 timing idealTree:node_modules/js-yaml Completed in 1ms
1374 timing idealTree:node_modules/argparse Completed in 0ms
1375 timing idealTree:node_modules/json-schema-traverse Completed in 0ms
1376 timing idealTree:node_modules/json-stable-stringify-without-jsonify Completed in 0ms
1377 timing idealTree:node_modules/jsx-ast-utils Completed in 0ms
1378 silly placeDep ROOT json-buffer@3.0.1 OK for: keyv@4.5.4 want: 3.0.1
1379 timing idealTree:node_modules/keyv Completed in 1ms
1380 timing idealTree:node_modules/json-buffer Completed in 0ms
1381 silly placeDep ROOT language-subtag-registry@0.3.23 OK for: language-tags@1.0.9 want: ^0.3.20
1382 timing idealTree:node_modules/language-tags Completed in 1ms
1383 timing idealTree:node_modules/language-subtag-registry Completed in 0ms
1384 silly placeDep ROOT prelude-ls@1.2.1 OK for: levn@0.4.1 want: ^1.2.1
1385 silly placeDep ROOT type-check@0.4.0 OK for: levn@0.4.1 want: ~0.4.0
1386 timing idealTree:node_modules/levn Completed in 2ms
1387 silly placeDep ROOT p-locate@5.0.0 OK for: locate-path@6.0.0 want: ^5.0.0
1388 silly fetch manifest p-limit@^3.0.2
1389 http fetch GET 200 https://registry.npmjs.org/p-limit 45ms (cache miss)
1390 timing idealTree:node_modules/locate-path Completed in 48ms
1391 timing idealTree:node_modules/lodash.merge Completed in 0ms
1392 timing idealTree:node_modules/lucide-react Completed in 0ms
1393 silly placeDep ROOT @mapbox/jsonlint-lines-primitives@2.0.2 OK for: maplibre-gl@5.24.0 want: ^2.0.2
1394 silly placeDep ROOT @mapbox/point-geometry@1.1.0 OK for: maplibre-gl@5.24.0 want: ^1.1.0
1395 silly placeDep ROOT @mapbox/tiny-sdf@2.2.0 OK for: maplibre-gl@5.24.0 want: ^2.1.0
1396 silly placeDep ROOT @mapbox/unitbezier@0.0.1 OK for: maplibre-gl@5.24.0 want: ^0.0.1
1397 silly placeDep ROOT @mapbox/vector-tile@2.0.4 OK for: maplibre-gl@5.24.0 want: ^2.0.4
1398 silly placeDep ROOT @mapbox/whoots-js@3.1.0 OK for: maplibre-gl@5.24.0 want: ^3.1.0
1399 silly placeDep ROOT @maplibre/geojson-vt@6.1.0 OK for: maplibre-gl@5.24.0 want: ^6.1.0
1400 silly placeDep ROOT @maplibre/maplibre-gl-style-spec@24.8.5 OK for: maplibre-gl@5.24.0 want: ^24.8.1
1401 silly fetch manifest json-stringify-pretty-compact@^4.0.0
1402 silly fetch manifest minimist@^1.2.8
1403 silly placeDep ROOT @maplibre/mlt@1.1.9 OK for: maplibre-gl@5.24.0 want: ^1.1.8
1404 silly placeDep ROOT @maplibre/vt-pbf@4.3.0 OK for: maplibre-gl@5.24.0 want: ^4.3.0
1405 silly fetch manifest supercluster@^8.0.1
1406 silly fetch manifest @types/supercluster@^7.1.3
1407 silly fetch manifest @maplibre/geojson-vt@^5.0.4
1408 silly placeDep ROOT earcut@3.0.2 OK for: maplibre-gl@5.24.0 want: ^3.0.2
1409 silly placeDep ROOT gl-matrix@3.4.4 OK for: maplibre-gl@5.24.0 want: ^3.4.4
1410 silly placeDep ROOT kdbush@4.0.2 OK for: maplibre-gl@5.24.0 want: ^4.0.2
1411 silly placeDep ROOT murmurhash-js@1.0.0 OK for: maplibre-gl@5.24.0 want: ^1.0.0
1412 silly placeDep ROOT pbf@4.0.1 OK for: maplibre-gl@5.24.0 want: ^4.0.1
1413 silly fetch manifest resolve-protobuf-schema@^2.1.0
1414 silly placeDep ROOT potpack@2.1.0 OK for: maplibre-gl@5.24.0 want: ^2.1.0
1415 silly placeDep ROOT quickselect@3.0.0 OK for: maplibre-gl@5.24.0 want: ^3.0.0
1416 silly placeDep ROOT tinyqueue@3.0.0 OK for: maplibre-gl@5.24.0 want: ^3.0.0
1417 http fetch GET 200 https://registry.npmjs.org/json-stringify-pretty-compact 46ms (cache miss)
1418 http fetch GET 200 https://registry.npmjs.org/resolve-protobuf-schema 42ms (cache miss)
1419 http fetch GET 200 https://registry.npmjs.org/supercluster 45ms (cache miss)
1420 http fetch GET 200 https://registry.npmjs.org/@types%2fsupercluster 519ms (cache miss)
1421 timing idealTree:node_modules/maplibre-gl Completed in 533ms
1422 timing idealTree:node_modules/@mapbox/jsonlint-lines-primitives Completed in 0ms
1423 timing idealTree:node_modules/@mapbox/point-geometry Completed in 0ms
1424 timing idealTree:node_modules/@mapbox/tiny-sdf Completed in 0ms
1425 timing idealTree:node_modules/@mapbox/unitbezier Completed in 0ms
1426 timing idealTree:node_modules/@mapbox/vector-tile Completed in 0ms
1427 timing idealTree:node_modules/@mapbox/whoots-js Completed in 0ms
1428 timing idealTree:node_modules/@maplibre/geojson-vt Completed in 0ms
1429 silly placeDep ROOT json-stringify-pretty-compact@4.0.0 OK for: @maplibre/maplibre-gl-style-spec@24.8.5 want: ^4.0.0
1430 silly placeDep ROOT minimist@1.2.8 OK for: @maplibre/maplibre-gl-style-spec@24.8.5 want: ^1.2.8
1431 timing idealTree:node_modules/@maplibre/maplibre-gl-style-spec Completed in 2ms
1432 timing idealTree:node_modules/@maplibre/mlt Completed in 0ms
1433 silly placeDep node_modules/@maplibre/vt-pbf @maplibre/geojson-vt@5.0.4 OK for: @maplibre/vt-pbf@4.3.0 want: ^5.0.4
1434 silly placeDep ROOT @types/supercluster@7.1.3 OK for: @maplibre/vt-pbf@4.3.0 want: ^7.1.3
1435 silly placeDep ROOT supercluster@8.0.1 OK for: @maplibre/vt-pbf@4.3.0 want: ^8.0.1
1436 timing idealTree:node_modules/@maplibre/vt-pbf Completed in 5ms
1437 timing idealTree:node_modules/@types/supercluster Completed in 0ms
1438 timing idealTree:node_modules/earcut Completed in 0ms
1439 timing idealTree:node_modules/gl-matrix Completed in 0ms
1440 timing idealTree:node_modules/json-stringify-pretty-compact Completed in 0ms
1441 timing idealTree:node_modules/kdbush Completed in 0ms
1442 timing idealTree:node_modules/math-intrinsics Completed in 0ms
1443 silly placeDep ROOT brace-expansion@1.1.14 OK for: minimatch@3.1.5 want: ^1.1.7
1444 silly fetch manifest concat-map@0.0.1
1445 silly fetch manifest balanced-match@^1.0.0
1446 http fetch GET 200 https://registry.npmjs.org/balanced-match 63ms (cache miss)
1447 http fetch GET 200 https://registry.npmjs.org/concat-map 68ms (cache miss)
1448 timing idealTree:node_modules/minimatch Completed in 70ms
1449 silly placeDep ROOT balanced-match@1.0.2 OK for: brace-expansion@1.1.14 want: ^1.0.0
1450 silly placeDep ROOT concat-map@0.0.1 OK for: brace-expansion@1.1.14 want: 0.0.1
1451 timing idealTree:node_modules/brace-expansion Completed in 2ms
1452 timing idealTree:node_modules/balanced-match Completed in 0ms
1453 timing idealTree:node_modules/concat-map Completed in 0ms
1454 timing idealTree:node_modules/minimist Completed in 0ms
1455 timing idealTree:node_modules/minipass Completed in 0ms
1456 timing idealTree:node_modules/ms Completed in 0ms
1457 timing idealTree:node_modules/murmurhash-js Completed in 0ms
1458 timing idealTree:node_modules/natural-compare Completed in 0ms
1459 silly fetch manifest react@^18.2.0
1460 silly placeDep ROOT @next/env@14.2.35 OK for: next@14.2.35 want: 14.2.35
1461 silly placeDep ROOT @next/swc-darwin-arm64@14.2.33 OK for: next@14.2.35 want: 14.2.33
1462 silly placeDep ROOT @next/swc-darwin-x64@14.2.33 OK for: next@14.2.35 want: 14.2.33
1463 silly placeDep ROOT @next/swc-linux-arm64-gnu@14.2.33 OK for: next@14.2.35 want: 14.2.33
1464 silly placeDep ROOT @next/swc-linux-arm64-musl@14.2.33 OK for: next@14.2.35 want: 14.2.33
1465 silly placeDep ROOT @next/swc-linux-x64-gnu@14.2.33 OK for: next@14.2.35 want: 14.2.33
1466 silly placeDep ROOT @next/swc-linux-x64-musl@14.2.33 OK for: next@14.2.35 want: 14.2.33
1467 silly placeDep ROOT @next/swc-win32-arm64-msvc@14.2.33 OK for: next@14.2.35 want: 14.2.33
1468 silly placeDep ROOT @next/swc-win32-ia32-msvc@14.2.33 OK for: next@14.2.35 want: 14.2.33
1469 silly placeDep ROOT @next/swc-win32-x64-msvc@14.2.33 OK for: next@14.2.35 want: 14.2.33
1470 silly placeDep ROOT @swc/helpers@0.5.5 OK for: next@14.2.35 want: 0.5.5
1471 silly fetch manifest @swc/counter@^0.1.3
1472 silly placeDep ROOT busboy@1.6.0 OK for: next@14.2.35 want: 1.6.0
1473 silly fetch manifest streamsearch@^1.1.0
1474 silly placeDep ROOT graceful-fs@4.2.11 OK for: next@14.2.35 want: ^4.2.11
1475 silly placeDep node_modules/next postcss@8.4.31 OK for: next@14.2.35 want: 8.4.31
1476 silly fetch manifest nanoid@^3.3.6
1477 silly fetch manifest source-map-js@^1.0.2
1478 silly placeDep ROOT styled-jsx@5.1.1 OK for: next@14.2.35 want: 5.1.1
1479 silly fetch manifest client-only@0.0.1
1480 http fetch GET 200 https://registry.npmjs.org/streamsearch 39ms (cache miss)
1481 http fetch GET 200 https://registry.npmjs.org/client-only 36ms (cache miss)
1482 http fetch GET 200 https://registry.npmjs.org/@swc%2fcounter 292ms (cache miss)
1483 timing idealTree:node_modules/next Completed in 307ms
1484 timing idealTree:node_modules/@next/env Completed in 0ms
1485 timing idealTree:node_modules/@next/swc-darwin-arm64 Completed in 0ms
1486 timing idealTree:node_modules/@next/swc-darwin-x64 Completed in 0ms
1487 timing idealTree:node_modules/@next/swc-linux-arm64-gnu Completed in 0ms
1488 timing idealTree:node_modules/@next/swc-linux-arm64-musl Completed in 0ms
1489 timing idealTree:node_modules/@next/swc-linux-x64-gnu Completed in 0ms
1490 timing idealTree:node_modules/@next/swc-linux-x64-musl Completed in 0ms
1491 timing idealTree:node_modules/@next/swc-win32-arm64-msvc Completed in 0ms
1492 timing idealTree:node_modules/@next/swc-win32-ia32-msvc Completed in 0ms
1493 timing idealTree:node_modules/@next/swc-win32-x64-msvc Completed in 0ms
1494 silly placeDep ROOT @swc/counter@0.1.3 OK for: @swc/helpers@0.5.5 want: ^0.1.3
1495 timing idealTree:node_modules/@swc/helpers Completed in 2ms
1496 timing idealTree:node_modules/@swc/counter Completed in 0ms
1497 silly placeDep ROOT streamsearch@1.1.0 OK for: busboy@1.6.0 want: ^1.1.0
1498 timing idealTree:node_modules/busboy Completed in 1ms
1499 timing idealTree:node_modules/graceful-fs Completed in 0ms
1500 timing idealTree:node_modules/node-releases Completed in 0ms
1501 timing idealTree:node_modules/object-inspect Completed in 0ms
1502 timing idealTree:node_modules/object-keys Completed in 0ms
1503 timing idealTree:node_modules/object.assign Completed in 0ms
1504 timing idealTree:node_modules/object.entries Completed in 0ms
1505 timing idealTree:node_modules/object.fromentries Completed in 0ms
1506 timing idealTree:node_modules/object.groupby Completed in 0ms
1507 timing idealTree:node_modules/object.values Completed in 0ms
1508 silly placeDep ROOT deep-is@0.1.4 OK for: optionator@0.9.4 want: ^0.1.3
1509 silly placeDep ROOT fast-levenshtein@2.0.6 OK for: optionator@0.9.4 want: ^2.0.6
1510 silly placeDep ROOT word-wrap@1.2.5 OK for: optionator@0.9.4 want: ^1.2.5
1511 timing idealTree:node_modules/optionator Completed in 2ms
1512 timing idealTree:node_modules/deep-is Completed in 0ms
1513 timing idealTree:node_modules/fast-levenshtein Completed in 0ms
1514 timing idealTree:node_modules/own-keys Completed in 0ms
1515 silly placeDep ROOT p-limit@3.1.0 OK for: p-locate@5.0.0 want: ^3.0.2
1516 silly fetch manifest yocto-queue@^0.1.0
1517 http fetch GET 200 https://registry.npmjs.org/yocto-queue 35ms (cache miss)
1518 timing idealTree:node_modules/p-locate Completed in 37ms
1519 silly placeDep ROOT yocto-queue@0.1.0 OK for: p-limit@3.1.0 want: ^0.1.0
1520 timing idealTree:node_modules/p-limit Completed in 1ms
1521 silly placeDep ROOT callsites@3.1.0 OK for: parent-module@1.0.1 want: ^3.0.0
1522 timing idealTree:node_modules/parent-module Completed in 1ms
1523 timing idealTree:node_modules/callsites Completed in 0ms
1524 timing idealTree:node_modules/path-exists Completed in 0ms
1525 timing idealTree:node_modules/path-key Completed in 0ms
1526 silly placeDep ROOT lru-cache@10.4.3 OK for: path-scurry@1.11.1 want: ^10.2.0
1527 timing idealTree:node_modules/path-scurry Completed in 1ms
1528 timing idealTree:node_modules/lru-cache Completed in 0ms
1529 silly placeDep ROOT resolve-protobuf-schema@2.1.0 OK for: pbf@4.0.1 want: ^2.1.0
1530 silly fetch manifest protocol-buffers-schema@^3.3.1
1531 http fetch GET 200 https://registry.npmjs.org/protocol-buffers-schema 43ms (cache miss)
1532 timing idealTree:node_modules/pbf Completed in 45ms
1533 timing idealTree:node_modules/picocolors Completed in 0ms
1534 timing idealTree:node_modules/possible-typed-array-names Completed in 0ms
1535 silly placeDep ROOT nanoid@3.3.12 OK for: postcss@8.5.14 want: ^3.3.11
1536 silly placeDep ROOT source-map-js@1.2.1 OK for: postcss@8.5.14 want: ^1.2.1
1537 timing idealTree:node_modules/postcss Completed in 2ms
1538 timing idealTree:node_modules/nanoid Completed in 0ms
1539 timing idealTree:node_modules/postcss-value-parser Completed in 0ms
1540 timing idealTree:node_modules/potpack Completed in 0ms
1541 timing idealTree:node_modules/prelude-ls Completed in 0ms
1542 silly placeDep ROOT loose-envify@1.4.0 OK for: prop-types@15.8.1 want: ^1.4.0
1543 silly fetch manifest js-tokens@^3.0.0 || ^4.0.0
1544 silly placeDep ROOT object-assign@4.1.1 OK for: prop-types@15.8.1 want: ^4.1.1
1545 silly placeDep ROOT react-is@16.13.1 OK for: prop-types@15.8.1 want: ^16.13.1
1546 http fetch GET 200 https://registry.npmjs.org/js-tokens 58ms (cache miss)
1547 timing idealTree:node_modules/prop-types Completed in 61ms
1548 silly placeDep ROOT js-tokens@4.0.0 OK for: loose-envify@1.4.0 want: ^3.0.0 || ^4.0.0
1549 timing idealTree:node_modules/loose-envify Completed in 1ms
1550 timing idealTree:node_modules/js-tokens Completed in 0ms
1551 timing idealTree:node_modules/object-assign Completed in 0ms
1552 timing idealTree:node_modules/quickselect Completed in 0ms
1553 timing idealTree:node_modules/react Completed in 0ms
1554 silly placeDep ROOT scheduler@0.23.2 OK for: react-dom@18.3.1 want: ^0.23.2
1555 timing idealTree:node_modules/react-dom Completed in 1ms
1556 timing idealTree:node_modules/react-is Completed in 0ms
1557 silly fetch manifest react@^16.8.0 || ^17.0.0 || ^18.0.0 || ^19.0.0 || ^19.0.0-rc
1558 silly placeDep ROOT react-remove-scroll-bar@2.3.8 OK for: react-remove-scroll@2.7.2 want: ^2.3.7
1559 silly fetch manifest react-style-singleton@^2.2.2
1560 silly placeDep ROOT react-style-singleton@2.2.3 OK for: react-remove-scroll@2.7.2 want: ^2.2.3
1561 silly fetch manifest get-nonce@^1.0.0
1562 silly placeDep ROOT use-callback-ref@1.3.3 OK for: react-remove-scroll@2.7.2 want: ^1.3.3
1563 silly placeDep ROOT use-sidecar@1.1.3 OK for: react-remove-scroll@2.7.2 want: ^1.1.3
1564 silly fetch manifest detect-node-es@^1.1.0
1565 http fetch GET 200 https://registry.npmjs.org/detect-node-es 38ms (cache miss)
1566 http fetch GET 200 https://registry.npmjs.org/get-nonce 272ms (cache miss)
1567 timing idealTree:node_modules/react-remove-scroll Completed in 280ms
1568 timing idealTree:node_modules/react-remove-scroll-bar Completed in 0ms
1569 silly placeDep ROOT get-nonce@1.0.1 OK for: react-style-singleton@2.2.3 want: ^1.0.0
1570 timing idealTree:node_modules/react-style-singleton Completed in 2ms
1571 timing idealTree:node_modules/get-nonce Completed in 0ms
1572 timing idealTree:node_modules/regexp.prototype.flags Completed in 0ms
1573 silly placeDep ROOT node-exports-info@1.6.0 OK for: resolve@2.0.0-next.6 want: ^1.6.0
1574 silly placeDep ROOT path-parse@1.0.7 OK for: resolve@2.0.0-next.6 want: ^1.0.7
1575 silly placeDep ROOT supports-preserve-symlinks-flag@1.0.0 OK for: resolve@2.0.0-next.6 want: ^1.0.0
1576 timing idealTree:node_modules/resolve Completed in 4ms
1577 silly placeDep node_modules/node-exports-info semver@6.3.1 OK for: node-exports-info@1.6.0 want: ^6.3.1
1578 timing idealTree:node_modules/node-exports-info Completed in 1ms
1579 timing idealTree:node_modules/path-parse Completed in 0ms
1580 timing idealTree:node_modules/resolve-from Completed in 0ms
1581 timing idealTree:node_modules/resolve-pkg-maps Completed in 0ms
1582 silly placeDep ROOT protocol-buffers-schema@3.6.1 OK for: resolve-protobuf-schema@2.1.0 want: ^3.3.1
1583 timing idealTree:node_modules/resolve-protobuf-schema Completed in 1ms
1584 timing idealTree:node_modules/protocol-buffers-schema Completed in 0ms
1585 timing idealTree:node_modules/reusify Completed in 0ms
1586 silly placeDep node_modules/rimraf glob@7.2.3 OK for: rimraf@3.0.2 want: ^7.1.3
1587 silly fetch manifest once@^1.3.0
1588 silly fetch manifest inflight@^1.0.4
1589 silly fetch manifest inherits@2
1590 silly fetch manifest fs.realpath@^1.0.0
1591 silly fetch manifest path-is-absolute@^1.0.0
1592 http fetch GET 200 https://registry.npmjs.org/inflight 38ms (cache miss)
1593 http fetch GET 200 https://registry.npmjs.org/inherits 44ms (cache miss)
1594 http fetch GET 200 https://registry.npmjs.org/path-is-absolute 43ms (cache miss)
1595 http fetch GET 200 https://registry.npmjs.org/fs.realpath 44ms (cache miss)
1596 http fetch GET 200 https://registry.npmjs.org/once 47ms (cache miss)
1597 timing idealTree:node_modules/rimraf Completed in 49ms
1598 silly placeDep ROOT queue-microtask@1.2.3 OK for: run-parallel@1.2.0 want: ^1.2.2
1599 timing idealTree:node_modules/run-parallel Completed in 1ms
1600 timing idealTree:node_modules/queue-microtask Completed in 0ms
1601 silly placeDep ROOT isarray@2.0.5 OK for: safe-array-concat@1.1.4 want: ^2.0.5
1602 timing idealTree:node_modules/safe-array-concat Completed in 1ms
1603 timing idealTree:node_modules/isarray Completed in 0ms
1604 timing idealTree:node_modules/safe-push-apply Completed in 0ms
1605 timing idealTree:node_modules/safe-regex-test Completed in 0ms
1606 timing idealTree:node_modules/scheduler Completed in 0ms
1607 timing idealTree:node_modules/semver Completed in 0ms
1608 timing idealTree:node_modules/set-function-length Completed in 0ms
1609 timing idealTree:node_modules/set-function-name Completed in 0ms
1610 timing idealTree:node_modules/set-proto Completed in 0ms
1611 silly placeDep ROOT shebang-regex@3.0.0 OK for: shebang-command@2.0.0 want: ^3.0.0
1612 timing idealTree:node_modules/shebang-command Completed in 1ms
1613 timing idealTree:node_modules/shebang-regex Completed in 0ms
1614 silly placeDep ROOT side-channel-list@1.0.1 OK for: side-channel@1.1.0 want: ^1.0.0
1615 silly placeDep ROOT side-channel-map@1.0.1 OK for: side-channel@1.1.0 want: ^1.0.1
1616 silly placeDep ROOT side-channel-weakmap@1.0.2 OK for: side-channel@1.1.0 want: ^1.0.2
1617 timing idealTree:node_modules/side-channel Completed in 3ms
1618 timing idealTree:node_modules/side-channel-list Completed in 0ms
1619 timing idealTree:node_modules/side-channel-map Completed in 0ms
1620 timing idealTree:node_modules/side-channel-weakmap Completed in 0ms
1621 timing idealTree:node_modules/signal-exit Completed in 0ms
1622 timing idealTree:node_modules/source-map-js Completed in 0ms
1623 timing idealTree:node_modules/stable-hash Completed in 0ms
1624 timing idealTree:node_modules/stop-iteration-iterator Completed in 0ms
1625 timing idealTree:node_modules/streamsearch Completed in 0ms
1626 silly placeDep ROOT eastasianwidth@0.2.0 OK for: string-width@5.1.2 want: ^0.2.0
1627 silly placeDep node_modules/string-width strip-ansi@7.2.0 OK for: string-width@5.1.2 want: ^7.0.1
1628 timing idealTree:node_modules/string-width Completed in 1ms
1629 timing idealTree:node_modules/eastasianwidth Completed in 0ms
1630 silly placeDep node_modules/string-width-cjs emoji-regex@8.0.0 OK for: string-width@4.2.3 want: ^8.0.0
1631 silly placeDep ROOT is-fullwidth-code-point@3.0.0 OK for: string-width@4.2.3 want: ^3.0.0
1632 timing idealTree:node_modules/string-width-cjs Completed in 1ms
1633 timing idealTree:node_modules/is-fullwidth-code-point Completed in 0ms
1634 timing idealTree:node_modules/string.prototype.includes Completed in 0ms
1635 timing idealTree:node_modules/string.prototype.matchall Completed in 0ms
1636 timing idealTree:node_modules/string.prototype.repeat Completed in 0ms
1637 timing idealTree:node_modules/string.prototype.trim Completed in 0ms
1638 timing idealTree:node_modules/string.prototype.trimend Completed in 0ms
1639 timing idealTree:node_modules/string.prototype.trimstart Completed in 0ms
1640 silly placeDep ROOT ansi-regex@5.0.1 OK for: strip-ansi@6.0.1 want: ^5.0.1
1641 timing idealTree:node_modules/strip-ansi Completed in 1ms
1642 timing idealTree:node_modules/ansi-regex Completed in 0ms
1643 timing idealTree:node_modules/strip-ansi-cjs Completed in 0ms
1644 timing idealTree:node_modules/strip-json-comments Completed in 0ms
1645 silly placeDep ROOT client-only@0.0.1 OK for: styled-jsx@5.1.1 want: 0.0.1
1646 timing idealTree:node_modules/styled-jsx Completed in 0ms
1647 timing idealTree:node_modules/client-only Completed in 0ms
1648 timing idealTree:node_modules/supercluster Completed in 0ms
1649 silly placeDep ROOT has-flag@4.0.0 OK for: supports-color@7.2.0 want: ^4.0.0
1650 timing idealTree:node_modules/supports-color Completed in 1ms
1651 timing idealTree:node_modules/has-flag Completed in 0ms
1652 timing idealTree:node_modules/supports-preserve-symlinks-flag Completed in 0ms
1653 timing idealTree:node_modules/tailwind-merge Completed in 0ms
1654 silly fetch manifest postcss@^8.4.47
1655 silly fetch manifest tsx@^4.8.1
1656 http fetch GET 200 https://registry.npmjs.org/tsx 60ms (cache miss)
1657 silly fetch manifest yaml@^2.4.2
1658 http fetch GET 200 https://registry.npmjs.org/yaml 108ms (cache miss)
1659 silly placeDep ROOT @alloc/quick-lru@5.2.0 OK for: tailwindcss@3.4.19 want: ^5.2.0
1660 silly placeDep ROOT arg@5.0.2 OK for: tailwindcss@3.4.19 want: ^5.0.2
1661 silly placeDep ROOT chokidar@3.6.0 OK for: tailwindcss@3.4.19 want: ^3.6.0
1662 silly fetch manifest braces@~3.0.2
1663 silly fetch manifest anymatch@~3.1.2
1664 silly fetch manifest readdirp@~3.6.0
1665 silly fetch manifest glob-parent@~5.1.2
1666 silly fetch manifest is-binary-path@~2.1.0
1667 silly fetch manifest normalize-path@~3.0.0
1668 silly fetch manifest fsevents@~2.3.2
1669 silly placeDep ROOT didyoumean@1.2.2 OK for: tailwindcss@3.4.19 want: ^1.2.2
1670 silly placeDep ROOT dlv@1.1.3 OK for: tailwindcss@3.4.19 want: ^1.1.3
1671 silly placeDep ROOT fast-glob@3.3.3 OK for: tailwindcss@3.4.19 want: ^3.3.2
1672 silly fetch manifest glob-parent@^5.1.2
1673 silly fetch manifest merge2@^1.3.0
1674 silly placeDep ROOT jiti@1.21.7 OK for: tailwindcss@3.4.19 want: ^1.21.7
1675 silly placeDep ROOT lilconfig@3.1.3 OK for: tailwindcss@3.4.19 want: ^3.1.3
1676 silly placeDep ROOT micromatch@4.0.8 OK for: tailwindcss@3.4.19 want: ^4.0.8
1677 silly fetch manifest braces@^3.0.3
1678 silly fetch manifest picomatch@^2.3.1
1679 silly placeDep ROOT normalize-path@3.0.0 OK for: tailwindcss@3.4.19 want: ^3.0.0
1680 silly placeDep ROOT object-hash@3.0.0 OK for: tailwindcss@3.4.19 want: ^3.0.0
1681 silly placeDep ROOT postcss-import@15.1.0 OK for: tailwindcss@3.4.19 want: ^15.1.0
1682 silly fetch manifest resolve@^1.1.7
1683 silly fetch manifest read-cache@^1.0.0
1684 silly placeDep ROOT postcss-js@4.1.0 OK for: tailwindcss@3.4.19 want: ^4.0.1
1685 silly fetch manifest camelcase-css@^2.0.1
1686 silly placeDep ROOT postcss-load-config@6.0.1 OK for: tailwindcss@3.4.19 want: ^4.0.2 || ^5.0 || ^6.0
1687 silly placeDep ROOT postcss-nested@6.2.0 OK for: tailwindcss@3.4.19 want: ^6.2.0
1688 silly fetch manifest postcss-selector-parser@^6.1.1
1689 silly placeDep ROOT postcss-selector-parser@6.1.2 OK for: tailwindcss@3.4.19 want: ^6.1.2
1690 silly fetch manifest cssesc@^3.0.0
1691 silly fetch manifest util-deprecate@^1.0.2
1692 silly placeDep node_modules/tailwindcss resolve@1.22.12 OK for: tailwindcss@3.4.19 want: ^1.22.8
1693 silly placeDep ROOT sucrase@3.35.1 OK for: tailwindcss@3.4.19 want: ^3.35.0
1694 silly fetch manifest @jridgewell/gen-mapping@^0.3.2
1695 silly fetch manifest commander@^4.0.0
1696 silly fetch manifest lines-and-columns@^1.1.6
1697 silly fetch manifest mz@^2.7.0
1698 silly fetch manifest pirates@^4.0.1
1699 silly fetch manifest ts-interface-checker@^0.1.9
1700 http fetch GET 200 https://registry.npmjs.org/util-deprecate 45ms (cache miss)
1701 http fetch GET 200 https://registry.npmjs.org/anymatch 57ms (cache miss)
1702 http fetch GET 200 https://registry.npmjs.org/is-binary-path 56ms (cache miss)
1703 http fetch GET 200 https://registry.npmjs.org/read-cache 51ms (cache miss)
1704 http fetch GET 200 https://registry.npmjs.org/lines-and-columns 45ms (cache miss)
1705 http fetch GET 200 https://registry.npmjs.org/fsevents 67ms (cache miss)
1706 http fetch GET 200 https://registry.npmjs.org/merge2 68ms (cache miss)
1707 http fetch GET 200 https://registry.npmjs.org/readdirp 71ms (cache miss)
1708 http fetch GET 200 https://registry.npmjs.org/@jridgewell%2fgen-mapping 66ms (cache miss)
1709 http fetch GET 200 https://registry.npmjs.org/commander 70ms (cache miss)
1710 http fetch GET 200 https://registry.npmjs.org/pirates 74ms (cache miss)
1711 http fetch GET 200 https://registry.npmjs.org/ts-interface-checker 74ms (cache miss)
1712 http fetch GET 200 https://registry.npmjs.org/camelcase-css 274ms (cache miss)
1713 http fetch GET 200 https://registry.npmjs.org/braces 283ms (cache miss)
1714 http fetch GET 200 https://registry.npmjs.org/mz 272ms (cache miss)
1715 http fetch GET 200 https://registry.npmjs.org/braces 287ms (cache miss)
1716 http fetch GET 200 https://registry.npmjs.org/cssesc 283ms (cache miss)
1717 timing idealTree:node_modules/tailwindcss Completed in 472ms
1718 timing idealTree:node_modules/@alloc/quick-lru Completed in 0ms
1719 timing idealTree:node_modules/arg Completed in 1ms
1720 silly placeDep ROOT anymatch@3.1.3 OK for: chokidar@3.6.0 want: ~3.1.2
1721 silly fetch manifest picomatch@^2.0.4
1722 silly placeDep ROOT braces@3.0.3 OK for: chokidar@3.6.0 want: ~3.0.2
1723 silly fetch manifest fill-range@^7.1.1
1724 silly placeDep ROOT fsevents@2.3.3 OK for: chokidar@3.6.0 want: ~2.3.2
1725 silly placeDep node_modules/chokidar glob-parent@5.1.2 OK for: chokidar@3.6.0 want: ~5.1.2
1726 silly placeDep ROOT is-binary-path@2.1.0 OK for: chokidar@3.6.0 want: ~2.1.0
1727 silly fetch manifest binary-extensions@^2.0.0
1728 silly placeDep ROOT readdirp@3.6.0 OK for: chokidar@3.6.0 want: ~3.6.0
1729 silly fetch manifest picomatch@^2.2.1
1730 http fetch GET 200 https://registry.npmjs.org/binary-extensions 36ms (cache miss)
1731 http fetch GET 200 https://registry.npmjs.org/fill-range 49ms (cache miss)
1732 timing idealTree:node_modules/chokidar Completed in 52ms
1733 silly placeDep ROOT picomatch@2.3.2 OK for: anymatch@3.1.3 want: ^2.0.4
1734 timing idealTree:node_modules/anymatch Completed in 2ms
1735 silly placeDep ROOT fill-range@7.1.1 OK for: braces@3.0.3 want: ^7.1.1
1736 silly fetch manifest to-regex-range@^5.0.1
1737 http fetch GET 200 https://registry.npmjs.org/to-regex-range 44ms (cache miss)
1738 timing idealTree:node_modules/braces Completed in 45ms
1739 timing idealTree:node_modules/didyoumean Completed in 1ms
1740 timing idealTree:node_modules/dlv Completed in 0ms
1741 silly placeDep node_modules/fast-glob glob-parent@5.1.2 OK for: fast-glob@3.3.3 want: ^5.1.2
1742 silly placeDep ROOT merge2@1.4.1 OK for: fast-glob@3.3.3 want: ^1.3.0
1743 timing idealTree:node_modules/fast-glob Completed in 1ms
1744 silly placeDep ROOT to-regex-range@5.0.1 OK for: fill-range@7.1.1 want: ^5.0.1
1745 silly fetch manifest is-number@^7.0.0
1746 http fetch GET 200 https://registry.npmjs.org/is-number 38ms (cache miss)
1747 timing idealTree:node_modules/fill-range Completed in 40ms
1748 timing idealTree:node_modules/fsevents Completed in 0ms
1749 silly placeDep ROOT binary-extensions@2.3.0 OK for: is-binary-path@2.1.0 want: ^2.0.0
1750 timing idealTree:node_modules/is-binary-path Completed in 1ms
1751 timing idealTree:node_modules/binary-extensions Completed in 0ms
1752 timing idealTree:node_modules/jiti Completed in 0ms
1753 timing idealTree:node_modules/lilconfig Completed in 0ms
1754 timing idealTree:node_modules/merge2 Completed in 0ms
1755 timing idealTree:node_modules/micromatch Completed in 0ms
1756 timing idealTree:node_modules/normalize-path Completed in 0ms
1757 timing idealTree:node_modules/object-hash Completed in 0ms
1758 timing idealTree:node_modules/picomatch Completed in 0ms
1759 silly placeDep ROOT read-cache@1.0.0 OK for: postcss-import@15.1.0 want: ^1.0.0
1760 silly fetch manifest pify@^2.3.0
1761 silly placeDep node_modules/postcss-import resolve@1.22.12 OK for: postcss-import@15.1.0 want: ^1.1.7
1762 http fetch GET 200 https://registry.npmjs.org/pify 64ms (cache miss)
1763 timing idealTree:node_modules/postcss-import Completed in 66ms
1764 silly placeDep ROOT camelcase-css@2.0.1 OK for: postcss-js@4.1.0 want: ^2.0.1
1765 timing idealTree:node_modules/postcss-js Completed in 1ms
1766 timing idealTree:node_modules/camelcase-css Completed in 0ms
1767 timing idealTree:node_modules/postcss-load-config Completed in 0ms
1768 timing idealTree:node_modules/postcss-nested Completed in 0ms
1769 silly placeDep ROOT cssesc@3.0.0 OK for: postcss-selector-parser@6.1.2 want: ^3.0.0
1770 silly placeDep ROOT util-deprecate@1.0.2 OK for: postcss-selector-parser@6.1.2 want: ^1.0.2
1771 timing idealTree:node_modules/postcss-selector-parser Completed in 2ms
1772 timing idealTree:node_modules/cssesc Completed in 0ms
1773 silly placeDep ROOT pify@2.3.0 OK for: read-cache@1.0.0 want: ^2.3.0
1774 timing idealTree:node_modules/read-cache Completed in 1ms
1775 timing idealTree:node_modules/pify Completed in 0ms
1776 timing idealTree:node_modules/readdirp Completed in 0ms
1777 silly placeDep ROOT @jridgewell/gen-mapping@0.3.13 OK for: sucrase@3.35.1 want: ^0.3.2
1778 silly fetch manifest @jridgewell/sourcemap-codec@^1.5.0
1779 silly fetch manifest @jridgewell/trace-mapping@^0.3.24
1780 silly placeDep ROOT commander@4.1.1 OK for: sucrase@3.35.1 want: ^4.0.0
1781 silly placeDep ROOT lines-and-columns@1.2.4 OK for: sucrase@3.35.1 want: ^1.1.6
1782 silly placeDep ROOT mz@2.7.0 OK for: sucrase@3.35.1 want: ^2.7.0
1783 silly fetch manifest any-promise@^1.0.0
1784 silly fetch manifest thenify-all@^1.0.0
1785 silly placeDep ROOT pirates@4.0.7 OK for: sucrase@3.35.1 want: ^4.0.1
1786 silly placeDep ROOT ts-interface-checker@0.1.13 OK for: sucrase@3.35.1 want: ^0.1.9
1787 http fetch GET 200 https://registry.npmjs.org/thenify-all 38ms (cache miss)
1788 http fetch GET 200 https://registry.npmjs.org/any-promise 43ms (cache miss)
1789 http fetch GET 200 https://registry.npmjs.org/@jridgewell%2ftrace-mapping 70ms (cache miss)
1790 http fetch GET 200 https://registry.npmjs.org/@jridgewell%2fsourcemap-codec 311ms (cache miss)
1791 timing idealTree:node_modules/sucrase Completed in 314ms
1792 silly placeDep ROOT @jridgewell/sourcemap-codec@1.5.5 OK for: @jridgewell/gen-mapping@0.3.13 want: ^1.5.0
1793 silly placeDep ROOT @jridgewell/trace-mapping@0.3.31 OK for: @jridgewell/gen-mapping@0.3.13 want: ^0.3.24
1794 silly fetch manifest @jridgewell/resolve-uri@^3.1.0
1795 http fetch GET 200 https://registry.npmjs.org/@jridgewell%2fresolve-uri 52ms (cache miss)
1796 timing idealTree:node_modules/@jridgewell/gen-mapping Completed in 56ms
1797 timing idealTree:node_modules/@jridgewell/sourcemap-codec Completed in 0ms
1798 silly placeDep ROOT @jridgewell/resolve-uri@3.1.2 OK for: @jridgewell/trace-mapping@0.3.31 want: ^3.1.0
1799 timing idealTree:node_modules/@jridgewell/trace-mapping Completed in 1ms
1800 timing idealTree:node_modules/@jridgewell/resolve-uri Completed in 0ms
1801 timing idealTree:node_modules/commander Completed in 0ms
1802 timing idealTree:node_modules/lines-and-columns Completed in 0ms
1803 silly placeDep ROOT any-promise@1.3.0 OK for: mz@2.7.0 want: ^1.0.0
1804 silly placeDep ROOT thenify-all@1.6.0 OK for: mz@2.7.0 want: ^1.0.0
1805 silly fetch manifest thenify@>= 3.1.0 < 4
1806 http fetch GET 200 https://registry.npmjs.org/thenify 39ms (cache miss)
1807 timing idealTree:node_modules/mz Completed in 43ms
1808 timing idealTree:node_modules/any-promise Completed in 0ms
1809 timing idealTree:node_modules/pirates Completed in 0ms
1810 timing idealTree:node_modules/tailwindcss-animate Completed in 0ms
1811 timing idealTree:node_modules/text-table Completed in 0ms
1812 silly placeDep ROOT thenify@3.3.1 OK for: thenify-all@1.6.0 want: >= 3.1.0 < 4
1813 timing idealTree:node_modules/thenify-all Completed in 1ms
1814 timing idealTree:node_modules/thenify Completed in 0ms
1815 silly placeDep node_modules/tinyglobby fdir@6.5.0 OK for: tinyglobby@0.2.16 want: ^6.5.0
1816 silly placeDep node_modules/tinyglobby picomatch@4.0.4 OK for: fdir@6.5.0 want: ^3 || ^4
1817 timing idealTree:node_modules/tinyglobby Completed in 3ms
1818 timing idealTree:node_modules/tinyqueue Completed in 0ms
1819 silly placeDep ROOT is-number@7.0.0 OK for: to-regex-range@5.0.1 want: ^7.0.0
1820 timing idealTree:node_modules/to-regex-range Completed in 1ms
1821 timing idealTree:node_modules/is-number Completed in 0ms
1822 timing idealTree:node_modules/ts-api-utils Completed in 0ms
1823 timing idealTree:node_modules/ts-interface-checker Completed in 0ms
1824 silly placeDep ROOT @types/json5@0.0.29 OK for: tsconfig-paths@3.15.0 want: ^0.0.29
1825 silly placeDep ROOT json5@1.0.2 OK for: tsconfig-paths@3.15.0 want: ^1.0.2
1826 silly placeDep ROOT strip-bom@3.0.0 OK for: tsconfig-paths@3.15.0 want: ^3.0.0
1827 timing idealTree:node_modules/tsconfig-paths Completed in 1ms
1828 timing idealTree:node_modules/@types/json5 Completed in 0ms
1829 timing idealTree:node_modules/json5 Completed in 0ms
1830 timing idealTree:node_modules/strip-bom Completed in 1ms
1831 timing idealTree:node_modules/tslib Completed in 0ms
1832 timing idealTree:node_modules/type-check Completed in 0ms
1833 timing idealTree:node_modules/type-fest Completed in 0ms
1834 timing idealTree:node_modules/typed-array-buffer Completed in 0ms
1835 silly placeDep ROOT for-each@0.3.5 OK for: typed-array-byte-length@1.0.3 want: ^0.3.3
1836 timing idealTree:node_modules/typed-array-byte-length Completed in 0ms
1837 timing idealTree:node_modules/for-each Completed in 0ms
1838 silly placeDep ROOT reflect.getprototypeof@1.0.10 OK for: typed-array-byte-offset@1.0.4 want: ^1.0.9
1839 silly fetch manifest which-builtin-type@^1.2.1
1840 http fetch GET 200 https://registry.npmjs.org/which-builtin-type 34ms (cache miss)
1841 timing idealTree:node_modules/typed-array-byte-offset Completed in 38ms
1842 silly placeDep ROOT which-builtin-type@1.2.1 OK for: reflect.getprototypeof@1.0.10 want: ^1.2.1
1843 silly fetch manifest is-async-function@^2.0.0
1844 silly fetch manifest is-finalizationregistry@^1.1.0
1845 silly fetch manifest is-generator-function@^1.0.10
1846 silly fetch manifest which-boxed-primitive@^1.1.0
1847 silly fetch manifest which-collection@^1.0.2
1848 http fetch GET 200 https://registry.npmjs.org/which-collection 34ms (cache miss)
1849 http fetch GET 200 https://registry.npmjs.org/is-finalizationregistry 43ms (cache miss)
1850 http fetch GET 200 https://registry.npmjs.org/is-generator-function 42ms (cache miss)
1851 http fetch GET 200 https://registry.npmjs.org/is-async-function 44ms (cache miss)
1852 timing idealTree:node_modules/reflect.getprototypeof Completed in 46ms
1853 timing idealTree:node_modules/typed-array-length Completed in 0ms
1854 timing idealTree:node_modules/typescript Completed in 0ms
1855 silly placeDep ROOT has-bigints@1.1.0 OK for: unbox-primitive@1.1.0 want: ^1.0.2
1856 silly placeDep ROOT which-boxed-primitive@1.1.1 OK for: unbox-primitive@1.1.0 want: ^1.1.1
1857 silly fetch manifest is-bigint@^1.1.0
1858 silly fetch manifest is-boolean-object@^1.2.1
1859 silly fetch manifest is-number-object@^1.1.1
1860 http fetch GET 200 https://registry.npmjs.org/is-bigint 41ms (cache miss)
1861 http fetch GET 200 https://registry.npmjs.org/is-number-object 41ms (cache miss)
1862 http fetch GET 200 https://registry.npmjs.org/is-boolean-object 278ms (cache miss)
1863 timing idealTree:node_modules/unbox-primitive Completed in 281ms
1864 timing idealTree:node_modules/has-bigints Completed in 0ms
1865 timing idealTree:node_modules/undici-types Completed in 0ms
1866 silly placeDep ROOT @unrs/resolver-binding-android-arm-eabi@1.11.1 OK for: unrs-resolver@1.11.1 want: 1.11.1
1867 silly placeDep ROOT @unrs/resolver-binding-android-arm64@1.11.1 OK for: unrs-resolver@1.11.1 want: 1.11.1
1868 silly placeDep ROOT @unrs/resolver-binding-darwin-arm64@1.11.1 OK for: unrs-resolver@1.11.1 want: 1.11.1
1869 silly placeDep ROOT @unrs/resolver-binding-darwin-x64@1.11.1 OK for: unrs-resolver@1.11.1 want: 1.11.1
1870 silly placeDep ROOT @unrs/resolver-binding-freebsd-x64@1.11.1 OK for: unrs-resolver@1.11.1 want: 1.11.1
1871 silly placeDep ROOT @unrs/resolver-binding-linux-arm-gnueabihf@1.11.1 OK for: unrs-resolver@1.11.1 want: 1.11.1
1872 silly placeDep ROOT @unrs/resolver-binding-linux-arm-musleabihf@1.11.1 OK for: unrs-resolver@1.11.1 want: 1.11.1
1873 silly placeDep ROOT @unrs/resolver-binding-linux-arm64-gnu@1.11.1 OK for: unrs-resolver@1.11.1 want: 1.11.1
1874 silly placeDep ROOT @unrs/resolver-binding-linux-arm64-musl@1.11.1 OK for: unrs-resolver@1.11.1 want: 1.11.1
1875 silly placeDep ROOT @unrs/resolver-binding-linux-ppc64-gnu@1.11.1 OK for: unrs-resolver@1.11.1 want: 1.11.1
1876 silly placeDep ROOT @unrs/resolver-binding-linux-riscv64-gnu@1.11.1 OK for: unrs-resolver@1.11.1 want: 1.11.1
1877 silly placeDep ROOT @unrs/resolver-binding-linux-riscv64-musl@1.11.1 OK for: unrs-resolver@1.11.1 want: 1.11.1
1878 silly placeDep ROOT @unrs/resolver-binding-linux-s390x-gnu@1.11.1 OK for: unrs-resolver@1.11.1 want: 1.11.1
1879 silly placeDep ROOT @unrs/resolver-binding-linux-x64-gnu@1.11.1 OK for: unrs-resolver@1.11.1 want: 1.11.1
1880 silly placeDep ROOT @unrs/resolver-binding-linux-x64-musl@1.11.1 OK for: unrs-resolver@1.11.1 want: 1.11.1
1881 silly placeDep ROOT @unrs/resolver-binding-wasm32-wasi@1.11.1 OK for: unrs-resolver@1.11.1 want: 1.11.1
1882 silly fetch manifest @napi-rs/wasm-runtime@^0.2.11
1883 silly placeDep ROOT @unrs/resolver-binding-win32-arm64-msvc@1.11.1 OK for: unrs-resolver@1.11.1 want: 1.11.1
1884 silly placeDep ROOT @unrs/resolver-binding-win32-ia32-msvc@1.11.1 OK for: unrs-resolver@1.11.1 want: 1.11.1
1885 silly placeDep ROOT @unrs/resolver-binding-win32-x64-msvc@1.11.1 OK for: unrs-resolver@1.11.1 want: 1.11.1
1886 silly placeDep ROOT napi-postinstall@0.3.4 OK for: unrs-resolver@1.11.1 want: ^0.3.0
1887 http fetch GET 200 https://registry.npmjs.org/@napi-rs%2fwasm-runtime 285ms (cache miss)
1888 timing idealTree:node_modules/unrs-resolver Completed in 300ms
1889 timing idealTree:node_modules/@unrs/resolver-binding-android-arm-eabi Completed in 0ms
1890 timing idealTree:node_modules/@unrs/resolver-binding-android-arm64 Completed in 0ms
1891 timing idealTree:node_modules/@unrs/resolver-binding-darwin-arm64 Completed in 0ms
1892 timing idealTree:node_modules/@unrs/resolver-binding-darwin-x64 Completed in 0ms
1893 timing idealTree:node_modules/@unrs/resolver-binding-freebsd-x64 Completed in 0ms
1894 timing idealTree:node_modules/@unrs/resolver-binding-linux-arm-gnueabihf Completed in 0ms
1895 timing idealTree:node_modules/@unrs/resolver-binding-linux-arm-musleabihf Completed in 0ms
1896 timing idealTree:node_modules/@unrs/resolver-binding-linux-arm64-gnu Completed in 0ms
1897 timing idealTree:node_modules/@unrs/resolver-binding-linux-arm64-musl Completed in 0ms
1898 timing idealTree:node_modules/@unrs/resolver-binding-linux-ppc64-gnu Completed in 0ms
1899 timing idealTree:node_modules/@unrs/resolver-binding-linux-riscv64-gnu Completed in 0ms
1900 timing idealTree:node_modules/@unrs/resolver-binding-linux-riscv64-musl Completed in 0ms
1901 timing idealTree:node_modules/@unrs/resolver-binding-linux-s390x-gnu Completed in 0ms
1902 timing idealTree:node_modules/@unrs/resolver-binding-linux-x64-gnu Completed in 0ms
1903 timing idealTree:node_modules/@unrs/resolver-binding-linux-x64-musl Completed in 0ms
1904 silly placeDep ROOT @napi-rs/wasm-runtime@0.2.12 OK for: @unrs/resolver-binding-wasm32-wasi@1.11.1 want: ^0.2.11
1905 silly fetch manifest @emnapi/core@^1.4.3
1906 silly fetch manifest @emnapi/runtime@^1.4.3
1907 silly fetch manifest @tybys/wasm-util@^0.10.0
1908 http fetch GET 200 https://registry.npmjs.org/@tybys%2fwasm-util 60ms (cache miss)
1909 http fetch GET 200 https://registry.npmjs.org/@emnapi%2fruntime 78ms (cache miss)
1910 http fetch GET 200 https://registry.npmjs.org/@emnapi%2fcore 229ms (cache miss)
1911 timing idealTree:node_modules/@unrs/resolver-binding-wasm32-wasi Completed in 231ms
1912 silly placeDep ROOT @emnapi/core@1.10.0 OK for: @napi-rs/wasm-runtime@0.2.12 want: ^1.4.3
1913 silly fetch manifest @emnapi/wasi-threads@1.2.1
1914 silly placeDep ROOT @emnapi/runtime@1.10.0 OK for: @napi-rs/wasm-runtime@0.2.12 want: ^1.4.3
1915 silly placeDep ROOT @tybys/wasm-util@0.10.2 OK for: @napi-rs/wasm-runtime@0.2.12 want: ^0.10.0
1916 http fetch GET 200 https://registry.npmjs.org/@emnapi%2fwasi-threads 277ms (cache miss)
1917 timing idealTree:node_modules/@napi-rs/wasm-runtime Completed in 281ms
1918 silly placeDep ROOT @emnapi/wasi-threads@1.2.1 OK for: @emnapi/core@1.10.0 want: 1.2.1
1919 timing idealTree:node_modules/@emnapi/core Completed in 1ms
1920 timing idealTree:node_modules/@emnapi/runtime Completed in 0ms
1921 timing idealTree:node_modules/@emnapi/wasi-threads Completed in 0ms
1922 timing idealTree:node_modules/@tybys/wasm-util Completed in 0ms
1923 timing idealTree:node_modules/@unrs/resolver-binding-win32-arm64-msvc Completed in 0ms
1924 timing idealTree:node_modules/@unrs/resolver-binding-win32-ia32-msvc Completed in 0ms
1925 timing idealTree:node_modules/@unrs/resolver-binding-win32-x64-msvc Completed in 0ms
1926 timing idealTree:node_modules/napi-postinstall Completed in 0ms
1927 silly placeDep ROOT escalade@3.2.0 OK for: update-browserslist-db@1.2.3 want: ^3.2.0
1928 timing idealTree:node_modules/update-browserslist-db Completed in 0ms
1929 timing idealTree:node_modules/escalade Completed in 0ms
1930 silly placeDep ROOT punycode@2.3.1 OK for: uri-js@4.4.1 want: ^2.1.0
1931 timing idealTree:node_modules/uri-js Completed in 1ms
1932 timing idealTree:node_modules/punycode Completed in 0ms
1933 timing idealTree:node_modules/use-callback-ref Completed in 0ms
1934 silly placeDep ROOT detect-node-es@1.1.0 OK for: use-sidecar@1.1.3 want: ^1.1.0
1935 timing idealTree:node_modules/use-sidecar Completed in 0ms
1936 timing idealTree:node_modules/detect-node-es Completed in 0ms
1937 timing idealTree:node_modules/util-deprecate Completed in 0ms
1938 silly placeDep ROOT isexe@2.0.0 OK for: which@2.0.2 want: ^2.0.0
1939 timing idealTree:node_modules/which Completed in 0ms
1940 timing idealTree:node_modules/isexe Completed in 0ms
1941 silly placeDep ROOT is-bigint@1.1.0 OK for: which-boxed-primitive@1.1.1 want: ^1.1.0
1942 silly placeDep ROOT is-boolean-object@1.2.2 OK for: which-boxed-primitive@1.1.1 want: ^1.2.1
1943 silly placeDep ROOT is-number-object@1.1.1 OK for: which-boxed-primitive@1.1.1 want: ^1.1.1
1944 timing idealTree:node_modules/which-boxed-primitive Completed in 2ms
1945 timing idealTree:node_modules/is-bigint Completed in 0ms
1946 timing idealTree:node_modules/is-boolean-object Completed in 0ms
1947 timing idealTree:node_modules/is-number-object Completed in 0ms
1948 silly placeDep ROOT is-async-function@2.1.1 OK for: which-builtin-type@1.2.1 want: ^2.0.0
1949 silly fetch manifest async-function@^1.0.0
1950 silly placeDep ROOT is-finalizationregistry@1.1.1 OK for: which-builtin-type@1.2.1 want: ^1.1.0
1951 silly placeDep ROOT is-generator-function@1.1.2 OK for: which-builtin-type@1.2.1 want: ^1.0.10
1952 silly fetch manifest generator-function@^2.0.0
1953 silly placeDep ROOT which-collection@1.0.2 OK for: which-builtin-type@1.2.1 want: ^1.0.2
1954 silly fetch manifest is-map@^2.0.3
1955 silly fetch manifest is-weakmap@^2.0.2
1956 silly fetch manifest is-weakset@^2.0.3
1957 http fetch GET 200 https://registry.npmjs.org/async-function 36ms (cache miss)
1958 http fetch GET 200 https://registry.npmjs.org/is-map 35ms (cache miss)
1959 http fetch GET 200 https://registry.npmjs.org/is-weakmap 34ms (cache miss)
1960 http fetch GET 200 https://registry.npmjs.org/generator-function 36ms (cache miss)
1961 http fetch GET 200 https://registry.npmjs.org/is-weakset 286ms (cache miss)
1962 timing idealTree:node_modules/which-builtin-type Completed in 291ms
1963 silly placeDep ROOT async-function@1.0.0 OK for: is-async-function@2.1.1 want: ^1.0.0
1964 timing idealTree:node_modules/is-async-function Completed in 2ms
1965 timing idealTree:node_modules/async-function Completed in 0ms
1966 timing idealTree:node_modules/is-finalizationregistry Completed in 0ms
1967 silly placeDep ROOT generator-function@2.0.1 OK for: is-generator-function@1.1.2 want: ^2.0.0
1968 timing idealTree:node_modules/is-generator-function Completed in 1ms
1969 timing idealTree:node_modules/generator-function Completed in 0ms
1970 silly placeDep ROOT is-map@2.0.3 OK for: which-collection@1.0.2 want: ^2.0.3
1971 silly placeDep ROOT is-weakmap@2.0.2 OK for: which-collection@1.0.2 want: ^2.0.2
1972 silly placeDep ROOT is-weakset@2.0.4 OK for: which-collection@1.0.2 want: ^2.0.3
1973 timing idealTree:node_modules/which-collection Completed in 5ms
1974 timing idealTree:node_modules/is-map Completed in 0ms
1975 timing idealTree:node_modules/is-weakmap Completed in 0ms
1976 timing idealTree:node_modules/is-weakset Completed in 0ms
1977 timing idealTree:node_modules/which-typed-array Completed in 0ms
1978 timing idealTree:node_modules/word-wrap Completed in 0ms
1979 silly placeDep node_modules/wrap-ansi ansi-styles@6.2.3 OK for: wrap-ansi@8.1.0 want: ^6.1.0
1980 silly placeDep node_modules/wrap-ansi strip-ansi@7.2.0 OK for: wrap-ansi@8.1.0 want: ^7.0.1
1981 timing idealTree:node_modules/wrap-ansi Completed in 2ms
1982 silly placeDep node_modules/wrap-ansi-cjs string-width@4.2.3 OK for: wrap-ansi@7.0.0 want: ^4.1.0
1983 timing idealTree:node_modules/wrap-ansi-cjs Completed in 2ms
1984 timing idealTree:node_modules/yocto-queue Completed in 0ms
1985 timing idealTree:node_modules/zod Completed in 0ms
1986 timing idealTree:node_modules/zustand Completed in 0ms
1987 silly placeDep node_modules/@isaacs/cliui ansi-regex@6.2.2 OK for: strip-ansi@7.2.0 want: ^6.2.2
1988 timing idealTree:node_modules/@isaacs/cliui/node_modules/strip-ansi Completed in 2ms
1989 timing idealTree:node_modules/@isaacs/cliui/node_modules/ansi-regex Completed in 0ms
1990 timing idealTree:node_modules/@maplibre/vt-pbf/node_modules/@maplibre/geojson-vt Completed in 0ms
1991 timing idealTree:node_modules/@radix-ui/react-collection/node_modules/@radix-ui/react-slot Completed in 0ms
1992 timing idealTree:node_modules/@radix-ui/react-dialog/node_modules/@radix-ui/react-slot Completed in 0ms
1993 timing idealTree:node_modules/@radix-ui/react-primitive/node_modules/@radix-ui/react-slot Completed in 0ms
1994 timing idealTree:node_modules/@typescript-eslint/eslint-plugin/node_modules/ignore Completed in 0ms
1995 silly placeDep node_modules/@typescript-eslint/typescript-estree brace-expansion@5.0.6 OK for: minimatch@10.2.5 want: ^5.0.5
1996 silly fetch manifest balanced-match@^4.0.2
1997 timing idealTree:node_modules/@typescript-eslint/typescript-estree/node_modules/minimatch Completed in 1ms
1998 silly placeDep node_modules/@typescript-eslint/typescript-estree balanced-match@4.0.4 OK for: brace-expansion@5.0.6 want: ^4.0.2
1999 timing idealTree:node_modules/@typescript-eslint/typescript-estree/node_modules/brace-expansion Completed in 1ms
2000 timing idealTree:node_modules/@typescript-eslint/typescript-estree/node_modules/balanced-match Completed in 0ms
2001 timing idealTree:node_modules/@typescript-eslint/visitor-keys/node_modules/eslint-visitor-keys Completed in 0ms
2002 timing idealTree:node_modules/chokidar/node_modules/glob-parent Completed in 0ms
2003 timing idealTree:node_modules/eslint-import-resolver-node/node_modules/debug Completed in 0ms
2004 timing idealTree:node_modules/eslint-module-utils/node_modules/debug Completed in 0ms
2005 timing idealTree:node_modules/eslint-plugin-import/node_modules/debug Completed in 0ms
2006 timing idealTree:node_modules/eslint-plugin-import/node_modules/doctrine Completed in 0ms
2007 timing idealTree:node_modules/eslint-plugin-import/node_modules/semver Completed in 0ms
2008 timing idealTree:node_modules/eslint-plugin-react/node_modules/doctrine Completed in 0ms
2009 timing idealTree:node_modules/eslint-plugin-react/node_modules/semver Completed in 0ms
2010 timing idealTree:node_modules/fast-glob/node_modules/glob-parent Completed in 0ms
2011 silly placeDep node_modules/glob brace-expansion@2.1.0 OK for: minimatch@9.0.9 want: ^2.0.2
2012 timing idealTree:node_modules/glob/node_modules/minimatch Completed in 2ms
2013 timing idealTree:node_modules/glob/node_modules/brace-expansion Completed in 0ms
2014 timing idealTree:node_modules/next/node_modules/postcss Completed in 0ms
2015 timing idealTree:node_modules/node-exports-info/node_modules/semver Completed in 0ms
2016 timing idealTree:node_modules/postcss-import/node_modules/resolve Completed in 0ms
2017 silly placeDep ROOT fs.realpath@1.0.0 OK for: glob@7.2.3 want: ^1.0.0
2018 silly placeDep ROOT inflight@1.0.6 OK for: glob@7.2.3 want: ^1.0.4
2019 silly fetch manifest wrappy@1
2020 silly placeDep ROOT inherits@2.0.4 OK for: glob@7.2.3 want: 2
2021 silly placeDep ROOT once@1.4.0 OK for: glob@7.2.3 want: ^1.3.0
2022 silly placeDep ROOT path-is-absolute@1.0.1 OK for: glob@7.2.3 want: ^1.0.0
2023 http fetch GET 200 https://registry.npmjs.org/wrappy 176ms (cache miss)
2024 timing idealTree:node_modules/rimraf/node_modules/glob Completed in 179ms
2025 timing idealTree:node_modules/fs.realpath Completed in 0ms
2026 silly placeDep ROOT wrappy@1.0.2 OK for: inflight@1.0.6 want: 1
2027 timing idealTree:node_modules/inflight Completed in 1ms
2028 timing idealTree:node_modules/inherits Completed in 0ms
2029 timing idealTree:node_modules/once Completed in 0ms
2030 timing idealTree:node_modules/path-is-absolute Completed in 0ms
2031 timing idealTree:node_modules/wrappy Completed in 0ms
2032 timing idealTree:node_modules/string-width-cjs/node_modules/emoji-regex Completed in 0ms
2033 silly placeDep node_modules/string-width ansi-regex@6.2.2 OK for: strip-ansi@7.2.0 want: ^6.2.2
2034 timing idealTree:node_modules/string-width/node_modules/strip-ansi Completed in 2ms
2035 timing idealTree:node_modules/string-width/node_modules/ansi-regex Completed in 0ms
2036 timing idealTree:node_modules/tailwindcss/node_modules/resolve Completed in 0ms
2037 timing idealTree:node_modules/tinyglobby/node_modules/fdir Completed in 0ms
2038 timing idealTree:node_modules/tinyglobby/node_modules/picomatch Completed in 0ms
2039 silly placeDep node_modules/wrap-ansi-cjs emoji-regex@8.0.0 OK for: string-width@4.2.3 want: ^8.0.0
2040 timing idealTree:node_modules/wrap-ansi-cjs/node_modules/string-width Completed in 1ms
2041 timing idealTree:node_modules/wrap-ansi-cjs/node_modules/emoji-regex Completed in 0ms
2042 timing idealTree:node_modules/wrap-ansi/node_modules/ansi-styles Completed in 0ms
2043 silly placeDep node_modules/wrap-ansi ansi-regex@6.2.2 OK for: strip-ansi@7.2.0 want: ^6.2.2
2044 timing idealTree:node_modules/wrap-ansi/node_modules/strip-ansi Completed in 1ms
2045 timing idealTree:node_modules/wrap-ansi/node_modules/ansi-regex Completed in 0ms
2046 timing idealTree:buildDeps Completed in 24306ms
2047 timing idealTree:fixDepFlags Completed in 7ms
2048 warn EBADENGINE Unsupported engine {
2048 warn EBADENGINE   package: 'eslint-visitor-keys@5.0.1',
2048 warn EBADENGINE   required: { node: '^20.19.0 || ^22.13.0 || >=24' },
2048 warn EBADENGINE   current: { node: 'v20.10.0', npm: '10.2.3' }
2048 warn EBADENGINE }
2049 timing idealTree Completed in 24326ms
2050 timing reify:loadTrees Completed in 24326ms
2051 timing reify:diffTrees Completed in 4ms
2052 silly reify moves {}
2053 timing reify:retireShallow Completed in 0ms
2054 timing reify:createSparse Completed in 29ms
2055 timing reify:loadBundles Completed in 0ms
2056 verbose reify failed optional dependency /Users/nikhilvadhawana/Documents/Codex/2026-05-10/build-a-production-grade-next-js/node_modules/@unrs/resolver-binding-win32-x64-msvc
2057 silly reify mark deleted [
2057 silly reify   '/Users/nikhilvadhawana/Documents/Codex/2026-05-10/build-a-production-grade-next-js/node_modules/@unrs/resolver-binding-win32-x64-msvc'
2057 silly reify ]
2058 verbose reify failed optional dependency /Users/nikhilvadhawana/Documents/Codex/2026-05-10/build-a-production-grade-next-js/node_modules/@unrs/resolver-binding-win32-ia32-msvc
2059 silly reify mark deleted [
2059 silly reify   '/Users/nikhilvadhawana/Documents/Codex/2026-05-10/build-a-production-grade-next-js/node_modules/@unrs/resolver-binding-win32-ia32-msvc'
2059 silly reify ]
2060 verbose reify failed optional dependency /Users/nikhilvadhawana/Documents/Codex/2026-05-10/build-a-production-grade-next-js/node_modules/@unrs/resolver-binding-win32-arm64-msvc
2061 silly reify mark deleted [
2061 silly reify   '/Users/nikhilvadhawana/Documents/Codex/2026-05-10/build-a-production-grade-next-js/node_modules/@unrs/resolver-binding-win32-arm64-msvc'
2061 silly reify ]
2062 verbose reify failed optional dependency /Users/nikhilvadhawana/Documents/Codex/2026-05-10/build-a-production-grade-next-js/node_modules/@unrs/resolver-binding-wasm32-wasi
2063 silly reify mark deleted [
2063 silly reify   '/Users/nikhilvadhawana/Documents/Codex/2026-05-10/build-a-production-grade-next-js/node_modules/@unrs/resolver-binding-wasm32-wasi'
2063 silly reify ]
2064 verbose reify failed optional dependency /Users/nikhilvadhawana/Documents/Codex/2026-05-10/build-a-production-grade-next-js/node_modules/@napi-rs/wasm-runtime
2065 silly reify mark deleted [
2065 silly reify   '/Users/nikhilvadhawana/Documents/Codex/2026-05-10/build-a-production-grade-next-js/node_modules/@napi-rs/wasm-runtime'
2065 silly reify ]
2066 verbose reify failed optional dependency /Users/nikhilvadhawana/Documents/Codex/2026-05-10/build-a-production-grade-next-js/node_modules/@emnapi/core
2067 silly reify mark deleted [
2067 silly reify   '/Users/nikhilvadhawana/Documents/Codex/2026-05-10/build-a-production-grade-next-js/node_modules/@emnapi/core'
2067 silly reify ]
2068 verbose reify failed optional dependency /Users/nikhilvadhawana/Documents/Codex/2026-05-10/build-a-production-grade-next-js/node_modules/@emnapi/runtime
2069 silly reify mark deleted [
2069 silly reify   '/Users/nikhilvadhawana/Documents/Codex/2026-05-10/build-a-production-grade-next-js/node_modules/@emnapi/runtime'
2069 silly reify ]
2070 verbose reify failed optional dependency /Users/nikhilvadhawana/Documents/Codex/2026-05-10/build-a-production-grade-next-js/node_modules/@tybys/wasm-util
2071 silly reify mark deleted [
2071 silly reify   '/Users/nikhilvadhawana/Documents/Codex/2026-05-10/build-a-production-grade-next-js/node_modules/@tybys/wasm-util'
2071 silly reify ]
2072 verbose reify failed optional dependency /Users/nikhilvadhawana/Documents/Codex/2026-05-10/build-a-production-grade-next-js/node_modules/@emnapi/wasi-threads
2073 silly reify mark deleted [
2073 silly reify   '/Users/nikhilvadhawana/Documents/Codex/2026-05-10/build-a-production-grade-next-js/node_modules/@emnapi/wasi-threads'
2073 silly reify ]
2074 verbose reify failed optional dependency /Users/nikhilvadhawana/Documents/Codex/2026-05-10/build-a-production-grade-next-js/node_modules/@unrs/resolver-binding-linux-x64-musl
2075 silly reify mark deleted [
2075 silly reify   '/Users/nikhilvadhawana/Documents/Codex/2026-05-10/build-a-production-grade-next-js/node_modules/@unrs/resolver-binding-linux-x64-musl'
2075 silly reify ]
2076 verbose reify failed optional dependency /Users/nikhilvadhawana/Documents/Codex/2026-05-10/build-a-production-grade-next-js/node_modules/@unrs/resolver-binding-linux-x64-gnu
2077 silly reify mark deleted [
2077 silly reify   '/Users/nikhilvadhawana/Documents/Codex/2026-05-10/build-a-production-grade-next-js/node_modules/@unrs/resolver-binding-linux-x64-gnu'
2077 silly reify ]
2078 verbose reify failed optional dependency /Users/nikhilvadhawana/Documents/Codex/2026-05-10/build-a-production-grade-next-js/node_modules/@unrs/resolver-binding-linux-s390x-gnu
2079 silly reify mark deleted [
2079 silly reify   '/Users/nikhilvadhawana/Documents/Codex/2026-05-10/build-a-production-grade-next-js/node_modules/@unrs/resolver-binding-linux-s390x-gnu'
2079 silly reify ]
2080 verbose reify failed optional dependency /Users/nikhilvadhawana/Documents/Codex/2026-05-10/build-a-production-grade-next-js/node_modules/@unrs/resolver-binding-linux-riscv64-musl
2081 silly reify mark deleted [
2081 silly reify   '/Users/nikhilvadhawana/Documents/Codex/2026-05-10/build-a-production-grade-next-js/node_modules/@unrs/resolver-binding-linux-riscv64-musl'
2081 silly reify ]
2082 verbose reify failed optional dependency /Users/nikhilvadhawana/Documents/Codex/2026-05-10/build-a-production-grade-next-js/node_modules/@unrs/resolver-binding-linux-riscv64-gnu
2083 silly reify mark deleted [
2083 silly reify   '/Users/nikhilvadhawana/Documents/Codex/2026-05-10/build-a-production-grade-next-js/node_modules/@unrs/resolver-binding-linux-riscv64-gnu'
2083 silly reify ]
2084 verbose reify failed optional dependency /Users/nikhilvadhawana/Documents/Codex/2026-05-10/build-a-production-grade-next-js/node_modules/@unrs/resolver-binding-linux-ppc64-gnu
2085 silly reify mark deleted [
2085 silly reify   '/Users/nikhilvadhawana/Documents/Codex/2026-05-10/build-a-production-grade-next-js/node_modules/@unrs/resolver-binding-linux-ppc64-gnu'
2085 silly reify ]
2086 verbose reify failed optional dependency /Users/nikhilvadhawana/Documents/Codex/2026-05-10/build-a-production-grade-next-js/node_modules/@unrs/resolver-binding-linux-arm64-musl
2087 silly reify mark deleted [
2087 silly reify   '/Users/nikhilvadhawana/Documents/Codex/2026-05-10/build-a-production-grade-next-js/node_modules/@unrs/resolver-binding-linux-arm64-musl'
2087 silly reify ]
2088 verbose reify failed optional dependency /Users/nikhilvadhawana/Documents/Codex/2026-05-10/build-a-production-grade-next-js/node_modules/@unrs/resolver-binding-linux-arm64-gnu
2089 silly reify mark deleted [
2089 silly reify   '/Users/nikhilvadhawana/Documents/Codex/2026-05-10/build-a-production-grade-next-js/node_modules/@unrs/resolver-binding-linux-arm64-gnu'
2089 silly reify ]
2090 verbose reify failed optional dependency /Users/nikhilvadhawana/Documents/Codex/2026-05-10/build-a-production-grade-next-js/node_modules/@unrs/resolver-binding-linux-arm-musleabihf
2091 silly reify mark deleted [
2091 silly reify   '/Users/nikhilvadhawana/Documents/Codex/2026-05-10/build-a-production-grade-next-js/node_modules/@unrs/resolver-binding-linux-arm-musleabihf'
2091 silly reify ]
2092 verbose reify failed optional dependency /Users/nikhilvadhawana/Documents/Codex/2026-05-10/build-a-production-grade-next-js/node_modules/@unrs/resolver-binding-linux-arm-gnueabihf
2093 silly reify mark deleted [
2093 silly reify   '/Users/nikhilvadhawana/Documents/Codex/2026-05-10/build-a-production-grade-next-js/node_modules/@unrs/resolver-binding-linux-arm-gnueabihf'
2093 silly reify ]
2094 verbose reify failed optional dependency /Users/nikhilvadhawana/Documents/Codex/2026-05-10/build-a-production-grade-next-js/node_modules/@unrs/resolver-binding-freebsd-x64
2095 silly reify mark deleted [
2095 silly reify   '/Users/nikhilvadhawana/Documents/Codex/2026-05-10/build-a-production-grade-next-js/node_modules/@unrs/resolver-binding-freebsd-x64'
2095 silly reify ]
2096 verbose reify failed optional dependency /Users/nikhilvadhawana/Documents/Codex/2026-05-10/build-a-production-grade-next-js/node_modules/@unrs/resolver-binding-darwin-x64
2097 silly reify mark deleted [
2097 silly reify   '/Users/nikhilvadhawana/Documents/Codex/2026-05-10/build-a-production-grade-next-js/node_modules/@unrs/resolver-binding-darwin-x64'
2097 silly reify ]
2098 verbose reify failed optional dependency /Users/nikhilvadhawana/Documents/Codex/2026-05-10/build-a-production-grade-next-js/node_modules/@unrs/resolver-binding-android-arm64
2099 silly reify mark deleted [
2099 silly reify   '/Users/nikhilvadhawana/Documents/Codex/2026-05-10/build-a-production-grade-next-js/node_modules/@unrs/resolver-binding-android-arm64'
2099 silly reify ]
2100 verbose reify failed optional dependency /Users/nikhilvadhawana/Documents/Codex/2026-05-10/build-a-production-grade-next-js/node_modules/@unrs/resolver-binding-android-arm-eabi
2101 silly reify mark deleted [
2101 silly reify   '/Users/nikhilvadhawana/Documents/Codex/2026-05-10/build-a-production-grade-next-js/node_modules/@unrs/resolver-binding-android-arm-eabi'
2101 silly reify ]
2102 verbose reify failed optional dependency /Users/nikhilvadhawana/Documents/Codex/2026-05-10/build-a-production-grade-next-js/node_modules/@next/swc-win32-x64-msvc
2103 silly reify mark deleted [
2103 silly reify   '/Users/nikhilvadhawana/Documents/Codex/2026-05-10/build-a-production-grade-next-js/node_modules/@next/swc-win32-x64-msvc'
2103 silly reify ]
2104 verbose reify failed optional dependency /Users/nikhilvadhawana/Documents/Codex/2026-05-10/build-a-production-grade-next-js/node_modules/@next/swc-win32-ia32-msvc
2105 silly reify mark deleted [
2105 silly reify   '/Users/nikhilvadhawana/Documents/Codex/2026-05-10/build-a-production-grade-next-js/node_modules/@next/swc-win32-ia32-msvc'
2105 silly reify ]
2106 verbose reify failed optional dependency /Users/nikhilvadhawana/Documents/Codex/2026-05-10/build-a-production-grade-next-js/node_modules/@next/swc-win32-arm64-msvc
2107 silly reify mark deleted [
2107 silly reify   '/Users/nikhilvadhawana/Documents/Codex/2026-05-10/build-a-production-grade-next-js/node_modules/@next/swc-win32-arm64-msvc'
2107 silly reify ]
2108 verbose reify failed optional dependency /Users/nikhilvadhawana/Documents/Codex/2026-05-10/build-a-production-grade-next-js/node_modules/@next/swc-linux-x64-musl
2109 silly reify mark deleted [
2109 silly reify   '/Users/nikhilvadhawana/Documents/Codex/2026-05-10/build-a-production-grade-next-js/node_modules/@next/swc-linux-x64-musl'
2109 silly reify ]
2110 verbose reify failed optional dependency /Users/nikhilvadhawana/Documents/Codex/2026-05-10/build-a-production-grade-next-js/node_modules/@next/swc-linux-x64-gnu
2111 silly reify mark deleted [
2111 silly reify   '/Users/nikhilvadhawana/Documents/Codex/2026-05-10/build-a-production-grade-next-js/node_modules/@next/swc-linux-x64-gnu'
2111 silly reify ]
2112 verbose reify failed optional dependency /Users/nikhilvadhawana/Documents/Codex/2026-05-10/build-a-production-grade-next-js/node_modules/@next/swc-linux-arm64-musl
2113 silly reify mark deleted [
2113 silly reify   '/Users/nikhilvadhawana/Documents/Codex/2026-05-10/build-a-production-grade-next-js/node_modules/@next/swc-linux-arm64-musl'
2113 silly reify ]
2114 verbose reify failed optional dependency /Users/nikhilvadhawana/Documents/Codex/2026-05-10/build-a-production-grade-next-js/node_modules/@next/swc-linux-arm64-gnu
2115 silly reify mark deleted [
2115 silly reify   '/Users/nikhilvadhawana/Documents/Codex/2026-05-10/build-a-production-grade-next-js/node_modules/@next/swc-linux-arm64-gnu'
2115 silly reify ]
2116 verbose reify failed optional dependency /Users/nikhilvadhawana/Documents/Codex/2026-05-10/build-a-production-grade-next-js/node_modules/@next/swc-darwin-x64
2117 silly reify mark deleted [
2117 silly reify   '/Users/nikhilvadhawana/Documents/Codex/2026-05-10/build-a-production-grade-next-js/node_modules/@next/swc-darwin-x64'
2117 silly reify ]
2118 timing reifyNode:node_modules/@unrs/resolver-binding-win32-x64-msvc Completed in 53ms
2119 timing reifyNode:node_modules/@unrs/resolver-binding-win32-ia32-msvc Completed in 53ms
2120 timing reifyNode:node_modules/@unrs/resolver-binding-win32-arm64-msvc Completed in 54ms
2121 timing reifyNode:node_modules/@unrs/resolver-binding-wasm32-wasi Completed in 54ms
2122 timing reifyNode:node_modules/@unrs/resolver-binding-linux-x64-musl Completed in 54ms
2123 timing reifyNode:node_modules/@unrs/resolver-binding-linux-x64-gnu Completed in 54ms
2124 timing reifyNode:node_modules/@unrs/resolver-binding-linux-s390x-gnu Completed in 54ms
2125 timing reifyNode:node_modules/@unrs/resolver-binding-linux-riscv64-musl Completed in 54ms
2126 timing reifyNode:node_modules/@unrs/resolver-binding-linux-riscv64-gnu Completed in 54ms
2127 timing reifyNode:node_modules/@unrs/resolver-binding-linux-ppc64-gnu Completed in 54ms
2128 timing reifyNode:node_modules/@unrs/resolver-binding-linux-arm64-musl Completed in 54ms
2129 timing reifyNode:node_modules/@unrs/resolver-binding-linux-arm64-gnu Completed in 54ms
2130 timing reifyNode:node_modules/@unrs/resolver-binding-linux-arm-musleabihf Completed in 54ms
2131 timing reifyNode:node_modules/@unrs/resolver-binding-linux-arm-gnueabihf Completed in 54ms
2132 timing reifyNode:node_modules/@unrs/resolver-binding-freebsd-x64 Completed in 54ms
2133 timing reifyNode:node_modules/@unrs/resolver-binding-darwin-x64 Completed in 54ms
2134 timing reifyNode:node_modules/@unrs/resolver-binding-android-arm64 Completed in 53ms
2135 timing reifyNode:node_modules/@unrs/resolver-binding-android-arm-eabi Completed in 53ms
2136 timing reifyNode:node_modules/@next/swc-win32-x64-msvc Completed in 51ms
2137 timing reifyNode:node_modules/@next/swc-win32-ia32-msvc Completed in 52ms
2138 timing reifyNode:node_modules/@next/swc-win32-arm64-msvc Completed in 52ms
2139 timing reifyNode:node_modules/@next/swc-linux-x64-musl Completed in 52ms
2140 timing reifyNode:node_modules/@next/swc-linux-x64-gnu Completed in 52ms
2141 timing reifyNode:node_modules/@next/swc-linux-arm64-musl Completed in 52ms
2142 timing reifyNode:node_modules/@next/swc-linux-arm64-gnu Completed in 52ms
2143 timing reifyNode:node_modules/@next/swc-darwin-x64 Completed in 52ms
2144 silly tarball no local data for wrappy@https://registry.npmjs.org/wrappy/-/wrappy-1.0.2.tgz. Extracting by manifest.
2145 silly tarball no local data for once@https://registry.npmjs.org/once/-/once-1.4.0.tgz. Extracting by manifest.
2146 silly tarball no local data for inherits@https://registry.npmjs.org/inherits/-/inherits-2.0.4.tgz. Extracting by manifest.
2147 silly tarball no local data for inflight@https://registry.npmjs.org/inflight/-/inflight-1.0.6.tgz. Extracting by manifest.
2148 silly tarball no local data for path-is-absolute@https://registry.npmjs.org/path-is-absolute/-/path-is-absolute-1.0.1.tgz. Extracting by manifest.
2149 silly tarball no local data for fs.realpath@https://registry.npmjs.org/fs.realpath/-/fs.realpath-1.0.0.tgz. Extracting by manifest.
2150 silly tarball no local data for is-weakmap@https://registry.npmjs.org/is-weakmap/-/is-weakmap-2.0.2.tgz. Extracting by manifest.
2151 silly tarball no local data for is-map@https://registry.npmjs.org/is-map/-/is-map-2.0.3.tgz. Extracting by manifest.
2152 silly tarball no local data for generator-function@https://registry.npmjs.org/generator-function/-/generator-function-2.0.1.tgz. Extracting by manifest.
2153 silly tarball no local data for async-function@https://registry.npmjs.org/async-function/-/async-function-1.0.0.tgz. Extracting by manifest.
2154 silly tarball no local data for is-weakset@https://registry.npmjs.org/is-weakset/-/is-weakset-2.0.4.tgz. Extracting by manifest.
2155 silly tarball no local data for which-collection@https://registry.npmjs.org/which-collection/-/which-collection-1.0.2.tgz. Extracting by manifest.
2156 silly tarball no local data for is-finalizationregistry@https://registry.npmjs.org/is-finalizationregistry/-/is-finalizationregistry-1.1.1.tgz. Extracting by manifest.
2157 silly tarball no local data for is-generator-function@https://registry.npmjs.org/is-generator-function/-/is-generator-function-1.1.2.tgz. Extracting by manifest.
2158 silly tarball no local data for is-async-function@https://registry.npmjs.org/is-async-function/-/is-async-function-2.1.1.tgz. Extracting by manifest.
2159 silly tarball no local data for is-boolean-object@https://registry.npmjs.org/is-boolean-object/-/is-boolean-object-1.2.2.tgz. Extracting by manifest.
2160 silly tarball no local data for is-number-object@https://registry.npmjs.org/is-number-object/-/is-number-object-1.1.1.tgz. Extracting by manifest.
2161 silly tarball no local data for isexe@https://registry.npmjs.org/isexe/-/isexe-2.0.0.tgz. Extracting by manifest.
2162 silly tarball no local data for detect-node-es@https://registry.npmjs.org/detect-node-es/-/detect-node-es-1.1.0.tgz. Extracting by manifest.
2163 silly tarball no local data for escalade@https://registry.npmjs.org/escalade/-/escalade-3.2.0.tgz. Extracting by manifest.
2164 silly tarball no local data for punycode@https://registry.npmjs.org/punycode/-/punycode-2.3.1.tgz. Extracting by manifest.
2165 silly tarball no local data for @emnapi/wasi-threads@https://registry.npmjs.org/@emnapi/wasi-threads/-/wasi-threads-1.2.1.tgz. Extracting by manifest.
2166 silly tarball no local data for @tybys/wasm-util@https://registry.npmjs.org/@tybys/wasm-util/-/wasm-util-0.10.2.tgz. Extracting by manifest.
2167 silly tarball no local data for @emnapi/runtime@https://registry.npmjs.org/@emnapi/runtime/-/runtime-1.10.0.tgz. Extracting by manifest.
2168 silly tarball no local data for @emnapi/core@https://registry.npmjs.org/@emnapi/core/-/core-1.10.0.tgz. Extracting by manifest.
2169 silly tarball no local data for is-bigint@https://registry.npmjs.org/is-bigint/-/is-bigint-1.1.0.tgz. Extracting by manifest.
2170 silly tarball no local data for napi-postinstall@https://registry.npmjs.org/napi-postinstall/-/napi-postinstall-0.3.4.tgz. Extracting by manifest.
2171 silly tarball no local data for @unrs/resolver-binding-darwin-arm64@https://registry.npmjs.org/@unrs/resolver-binding-darwin-arm64/-/resolver-binding-darwin-arm64-1.11.1.tgz. Extracting by manifest.
2172 silly tarball no local data for which-boxed-primitive@https://registry.npmjs.org/which-boxed-primitive/-/which-boxed-primitive-1.1.1.tgz. Extracting by manifest.
2173 silly tarball no local data for @napi-rs/wasm-runtime@https://registry.npmjs.org/@napi-rs/wasm-runtime/-/wasm-runtime-0.2.12.tgz. Extracting by manifest.
2174 silly tarball no local data for has-bigints@https://registry.npmjs.org/has-bigints/-/has-bigints-1.1.0.tgz. Extracting by manifest.
2175 silly tarball no local data for which-builtin-type@https://registry.npmjs.org/which-builtin-type/-/which-builtin-type-1.2.1.tgz. Extracting by manifest.
2176 silly tarball no local data for reflect.getprototypeof@https://registry.npmjs.org/reflect.getprototypeof/-/reflect.getprototypeof-1.0.10.tgz. Extracting by manifest.
2177 silly tarball no local data for for-each@https://registry.npmjs.org/for-each/-/for-each-0.3.5.tgz. Extracting by manifest.
2178 silly tarball no local data for strip-bom@https://registry.npmjs.org/strip-bom/-/strip-bom-3.0.0.tgz. Extracting by manifest.
2179 silly tarball no local data for json5@https://registry.npmjs.org/json5/-/json5-1.0.2.tgz. Extracting by manifest.
2180 silly tarball no local data for @types/json5@https://registry.npmjs.org/@types/json5/-/json5-0.0.29.tgz. Extracting by manifest.
2181 silly tarball no local data for thenify@https://registry.npmjs.org/thenify/-/thenify-3.3.1.tgz. Extracting by manifest.
2182 silly tarball no local data for thenify-all@https://registry.npmjs.org/thenify-all/-/thenify-all-1.6.0.tgz. Extracting by manifest.
2183 silly tarball no local data for any-promise@https://registry.npmjs.org/any-promise/-/any-promise-1.3.0.tgz. Extracting by manifest.
2184 silly tarball no local data for @jridgewell/resolve-uri@https://registry.npmjs.org/@jridgewell/resolve-uri/-/resolve-uri-3.1.2.tgz. Extracting by manifest.
2185 silly tarball no local data for @jridgewell/sourcemap-codec@https://registry.npmjs.org/@jridgewell/sourcemap-codec/-/sourcemap-codec-1.5.5.tgz. Extracting by manifest.
2186 silly tarball no local data for pirates@https://registry.npmjs.org/pirates/-/pirates-4.0.7.tgz. Extracting by manifest.
2187 silly tarball no local data for @jridgewell/trace-mapping@https://registry.npmjs.org/@jridgewell/trace-mapping/-/trace-mapping-0.3.31.tgz. Extracting by manifest.
2188 silly tarball no local data for ts-interface-checker@https://registry.npmjs.org/ts-interface-checker/-/ts-interface-checker-0.1.13.tgz. Extracting by manifest.
2189 silly tarball no local data for lines-and-columns@https://registry.npmjs.org/lines-and-columns/-/lines-and-columns-1.2.4.tgz. Extracting by manifest.
2190 silly tarball no local data for mz@https://registry.npmjs.org/mz/-/mz-2.7.0.tgz. Extracting by manifest.
2191 silly tarball no local data for commander@https://registry.npmjs.org/commander/-/commander-4.1.1.tgz. Extracting by manifest.
2192 silly tarball no local data for @jridgewell/gen-mapping@https://registry.npmjs.org/@jridgewell/gen-mapping/-/gen-mapping-0.3.13.tgz. Extracting by manifest.
2193 silly tarball no local data for cssesc@https://registry.npmjs.org/cssesc/-/cssesc-3.0.0.tgz. Extracting by manifest.
2194 silly tarball no local data for util-deprecate@https://registry.npmjs.org/util-deprecate/-/util-deprecate-1.0.2.tgz. Extracting by manifest.
2195 silly tarball no local data for camelcase-css@https://registry.npmjs.org/camelcase-css/-/camelcase-css-2.0.1.tgz. Extracting by manifest.
2196 silly tarball no local data for to-regex-range@https://registry.npmjs.org/to-regex-range/-/to-regex-range-5.0.1.tgz. Extracting by manifest.
2197 silly tarball no local data for merge2@https://registry.npmjs.org/merge2/-/merge2-1.4.1.tgz. Extracting by manifest.
2198 silly tarball no local data for pify@https://registry.npmjs.org/pify/-/pify-2.3.0.tgz. Extracting by manifest.
2199 silly tarball no local data for read-cache@https://registry.npmjs.org/read-cache/-/read-cache-1.0.0.tgz. Extracting by manifest.
2200 silly tarball no local data for readdirp@https://registry.npmjs.org/readdirp/-/readdirp-3.6.0.tgz. Extracting by manifest.
2201 silly tarball no local data for picomatch@https://registry.npmjs.org/picomatch/-/picomatch-2.3.2.tgz. Extracting by manifest.
2202 silly tarball no local data for is-binary-path@https://registry.npmjs.org/is-binary-path/-/is-binary-path-2.1.0.tgz. Extracting by manifest.
2203 silly tarball no local data for fsevents@https://registry.npmjs.org/fsevents/-/fsevents-2.3.3.tgz. Extracting by manifest.
2204 silly tarball no local data for braces@https://registry.npmjs.org/braces/-/braces-3.0.3.tgz. Extracting by manifest.
2205 silly tarball no local data for anymatch@https://registry.npmjs.org/anymatch/-/anymatch-3.1.3.tgz. Extracting by manifest.
2206 silly tarball no local data for sucrase@https://registry.npmjs.org/sucrase/-/sucrase-3.35.1.tgz. Extracting by manifest.
2207 silly tarball no local data for postcss-selector-parser@https://registry.npmjs.org/postcss-selector-parser/-/postcss-selector-parser-6.1.2.tgz. Extracting by manifest.
2208 silly tarball no local data for postcss-nested@https://registry.npmjs.org/postcss-nested/-/postcss-nested-6.2.0.tgz. Extracting by manifest.
2209 silly tarball no local data for postcss-load-config@https://registry.npmjs.org/postcss-load-config/-/postcss-load-config-6.0.1.tgz. Extracting by manifest.
2210 silly tarball no local data for postcss-js@https://registry.npmjs.org/postcss-js/-/postcss-js-4.1.0.tgz. Extracting by manifest.
2211 silly tarball no local data for postcss-import@https://registry.npmjs.org/postcss-import/-/postcss-import-15.1.0.tgz. Extracting by manifest.
2212 silly tarball no local data for normalize-path@https://registry.npmjs.org/normalize-path/-/normalize-path-3.0.0.tgz. Extracting by manifest.
2213 silly tarball no local data for micromatch@https://registry.npmjs.org/micromatch/-/micromatch-4.0.8.tgz. Extracting by manifest.
2214 silly tarball no local data for object-hash@https://registry.npmjs.org/object-hash/-/object-hash-3.0.0.tgz. Extracting by manifest.
2215 silly tarball no local data for jiti@https://registry.npmjs.org/jiti/-/jiti-1.21.7.tgz. Extracting by manifest.
2216 silly tarball no local data for lilconfig@https://registry.npmjs.org/lilconfig/-/lilconfig-3.1.3.tgz. Extracting by manifest.
2217 silly tarball no local data for fast-glob@https://registry.npmjs.org/fast-glob/-/fast-glob-3.3.3.tgz. Extracting by manifest.
2218 silly tarball no local data for didyoumean@https://registry.npmjs.org/didyoumean/-/didyoumean-1.2.2.tgz. Extracting by manifest.
2219 silly tarball no local data for dlv@https://registry.npmjs.org/dlv/-/dlv-1.1.3.tgz. Extracting by manifest.
2220 silly tarball no local data for chokidar@https://registry.npmjs.org/chokidar/-/chokidar-3.6.0.tgz. Extracting by manifest.
2221 silly tarball no local data for arg@https://registry.npmjs.org/arg/-/arg-5.0.2.tgz. Extracting by manifest.
2222 silly tarball no local data for @alloc/quick-lru@https://registry.npmjs.org/@alloc/quick-lru/-/quick-lru-5.2.0.tgz. Extracting by manifest.
2223 silly tarball no local data for has-flag@https://registry.npmjs.org/has-flag/-/has-flag-4.0.0.tgz. Extracting by manifest.
2224 silly tarball no local data for client-only@https://registry.npmjs.org/client-only/-/client-only-0.0.1.tgz. Extracting by manifest.
2225 silly tarball no local data for ansi-regex@https://registry.npmjs.org/ansi-regex/-/ansi-regex-5.0.1.tgz. Extracting by manifest.
2226 silly tarball no local data for is-fullwidth-code-point@https://registry.npmjs.org/is-fullwidth-code-point/-/is-fullwidth-code-point-3.0.0.tgz. Extracting by manifest.
2227 silly tarball no local data for side-channel-weakmap@https://registry.npmjs.org/side-channel-weakmap/-/side-channel-weakmap-1.0.2.tgz. Extracting by manifest.
2228 silly tarball no local data for side-channel-map@https://registry.npmjs.org/side-channel-map/-/side-channel-map-1.0.1.tgz. Extracting by manifest.
2229 silly tarball no local data for side-channel-list@https://registry.npmjs.org/side-channel-list/-/side-channel-list-1.0.1.tgz. Extracting by manifest.
2230 silly tarball no local data for shebang-regex@https://registry.npmjs.org/shebang-regex/-/shebang-regex-3.0.0.tgz. Extracting by manifest.
2231 silly tarball no local data for isarray@https://registry.npmjs.org/isarray/-/isarray-2.0.5.tgz. Extracting by manifest.
2232 silly tarball no local data for queue-microtask@https://registry.npmjs.org/queue-microtask/-/queue-microtask-1.2.3.tgz. Extracting by manifest.
2233 silly tarball no local data for eastasianwidth@https://registry.npmjs.org/eastasianwidth/-/eastasianwidth-0.2.0.tgz. Extracting by manifest.
2234 silly tarball no local data for supports-preserve-symlinks-flag@https://registry.npmjs.org/supports-preserve-symlinks-flag/-/supports-preserve-symlinks-flag-1.0.0.tgz. Extracting by manifest.
2235 silly tarball no local data for protocol-buffers-schema@https://registry.npmjs.org/protocol-buffers-schema/-/protocol-buffers-schema-3.6.1.tgz. Extracting by manifest.
2236 silly tarball no local data for path-parse@https://registry.npmjs.org/path-parse/-/path-parse-1.0.7.tgz. Extracting by manifest.
2237 silly tarball no local data for node-exports-info@https://registry.npmjs.org/node-exports-info/-/node-exports-info-1.6.0.tgz. Extracting by manifest.
2238 silly tarball no local data for use-sidecar@https://registry.npmjs.org/use-sidecar/-/use-sidecar-1.1.3.tgz. Extracting by manifest.
2239 silly tarball no local data for use-callback-ref@https://registry.npmjs.org/use-callback-ref/-/use-callback-ref-1.3.3.tgz. Extracting by manifest.
2240 silly tarball no local data for get-nonce@https://registry.npmjs.org/get-nonce/-/get-nonce-1.0.1.tgz. Extracting by manifest.
2241 silly tarball no local data for react-remove-scroll-bar@https://registry.npmjs.org/react-remove-scroll-bar/-/react-remove-scroll-bar-2.3.8.tgz. Extracting by manifest.
2242 silly tarball no local data for scheduler@https://registry.npmjs.org/scheduler/-/scheduler-0.23.2.tgz. Extracting by manifest.
2243 silly tarball no local data for js-tokens@https://registry.npmjs.org/js-tokens/-/js-tokens-4.0.0.tgz. Extracting by manifest.
2244 silly tarball no local data for react-is@https://registry.npmjs.org/react-is/-/react-is-16.13.1.tgz. Extracting by manifest.
2245 silly tarball no local data for fill-range@https://registry.npmjs.org/fill-range/-/fill-range-7.1.1.tgz. Extracting by manifest.
2246 silly tarball no local data for loose-envify@https://registry.npmjs.org/loose-envify/-/loose-envify-1.4.0.tgz. Extracting by manifest.
2247 silly tarball no local data for object-assign@https://registry.npmjs.org/object-assign/-/object-assign-4.1.1.tgz. Extracting by manifest.
2248 silly tarball no local data for lru-cache@https://registry.npmjs.org/lru-cache/-/lru-cache-10.4.3.tgz. Extracting by manifest.
2249 silly tarball no local data for resolve-protobuf-schema@https://registry.npmjs.org/resolve-protobuf-schema/-/resolve-protobuf-schema-2.1.0.tgz. Extracting by manifest.
2250 silly tarball no local data for yocto-queue@https://registry.npmjs.org/yocto-queue/-/yocto-queue-0.1.0.tgz. Extracting by manifest.
2251 silly tarball no local data for callsites@https://registry.npmjs.org/callsites/-/callsites-3.1.0.tgz. Extracting by manifest.
2252 silly tarball no local data for word-wrap@https://registry.npmjs.org/word-wrap/-/word-wrap-1.2.5.tgz. Extracting by manifest.
2253 silly tarball no local data for p-limit@https://registry.npmjs.org/p-limit/-/p-limit-3.1.0.tgz. Extracting by manifest.
2254 silly tarball no local data for source-map-js@https://registry.npmjs.org/source-map-js/-/source-map-js-1.2.1.tgz. Extracting by manifest.
2255 silly tarball no local data for fast-levenshtein@https://registry.npmjs.org/fast-levenshtein/-/fast-levenshtein-2.0.6.tgz. Extracting by manifest.
2256 silly tarball no local data for deep-is@https://registry.npmjs.org/deep-is/-/deep-is-0.1.4.tgz. Extracting by manifest.
2257 silly tarball no local data for nanoid@https://registry.npmjs.org/nanoid/-/nanoid-3.3.12.tgz. Extracting by manifest.
2258 silly tarball no local data for @swc/counter@https://registry.npmjs.org/@swc/counter/-/counter-0.1.3.tgz. Extracting by manifest.
2259 silly tarball no local data for styled-jsx@https://registry.npmjs.org/styled-jsx/-/styled-jsx-5.1.1.tgz. Extracting by manifest.
2260 silly tarball no local data for busboy@https://registry.npmjs.org/busboy/-/busboy-1.6.0.tgz. Extracting by manifest.
2261 silly tarball no local data for @swc/helpers@https://registry.npmjs.org/@swc/helpers/-/helpers-0.5.5.tgz. Extracting by manifest.
2262 silly tarball no local data for @next/swc-darwin-arm64@https://registry.npmjs.org/@next/swc-darwin-arm64/-/swc-darwin-arm64-14.2.33.tgz. Extracting by manifest.
2263 silly tarball no local data for @next/env@https://registry.npmjs.org/@next/env/-/env-14.2.35.tgz. Extracting by manifest.
2264 silly tarball no local data for streamsearch@https://registry.npmjs.org/streamsearch/-/streamsearch-1.1.0.tgz. Extracting by manifest.
2265 silly tarball no local data for concat-map@https://registry.npmjs.org/concat-map/-/concat-map-0.0.1.tgz. Extracting by manifest.
2266 silly tarball no local data for balanced-match@https://registry.npmjs.org/balanced-match/-/balanced-match-1.0.2.tgz. Extracting by manifest.
2267 silly tarball no local data for graceful-fs@https://registry.npmjs.org/graceful-fs/-/graceful-fs-4.2.11.tgz. Extracting by manifest.
2268 silly tarball no local data for json-stringify-pretty-compact@https://registry.npmjs.org/json-stringify-pretty-compact/-/json-stringify-pretty-compact-4.0.0.tgz. Extracting by manifest.
2269 silly tarball no local data for tinyqueue@https://registry.npmjs.org/tinyqueue/-/tinyqueue-3.0.0.tgz. Extracting by manifest.
2270 silly tarball no local data for quickselect@https://registry.npmjs.org/quickselect/-/quickselect-3.0.0.tgz. Extracting by manifest.
2271 silly tarball no local data for potpack@https://registry.npmjs.org/potpack/-/potpack-2.1.0.tgz. Extracting by manifest.
2272 silly tarball no local data for pbf@https://registry.npmjs.org/pbf/-/pbf-4.0.1.tgz. Extracting by manifest.
2273 silly tarball no local data for murmurhash-js@https://registry.npmjs.org/murmurhash-js/-/murmurhash-js-1.0.0.tgz. Extracting by manifest.
2274 silly tarball no local data for kdbush@https://registry.npmjs.org/kdbush/-/kdbush-4.0.2.tgz. Extracting by manifest.
2275 silly tarball no local data for react-style-singleton@https://registry.npmjs.org/react-style-singleton/-/react-style-singleton-2.2.3.tgz. Extracting by manifest.
2276 silly tarball no local data for gl-matrix@https://registry.npmjs.org/gl-matrix/-/gl-matrix-3.4.4.tgz. Extracting by manifest.
2277 silly tarball no local data for supercluster@https://registry.npmjs.org/supercluster/-/supercluster-8.0.1.tgz. Extracting by manifest.
2278 silly tarball no local data for minimist@https://registry.npmjs.org/minimist/-/minimist-1.2.8.tgz. Extracting by manifest.
2279 silly tarball no local data for earcut@https://registry.npmjs.org/earcut/-/earcut-3.0.2.tgz. Extracting by manifest.
2280 silly tarball no local data for @maplibre/vt-pbf@https://registry.npmjs.org/@maplibre/vt-pbf/-/vt-pbf-4.3.0.tgz. Extracting by manifest.
2281 silly tarball no local data for @maplibre/mlt@https://registry.npmjs.org/@maplibre/mlt/-/mlt-1.1.9.tgz. Extracting by manifest.
2282 silly tarball no local data for @maplibre/maplibre-gl-style-spec@https://registry.npmjs.org/@maplibre/maplibre-gl-style-spec/-/maplibre-gl-style-spec-24.8.5.tgz. Extracting by manifest.
2283 silly tarball no local data for @maplibre/geojson-vt@https://registry.npmjs.org/@maplibre/geojson-vt/-/geojson-vt-6.1.0.tgz. Extracting by manifest.
2284 silly tarball no local data for @mapbox/unitbezier@https://registry.npmjs.org/@mapbox/unitbezier/-/unitbezier-0.0.1.tgz. Extracting by manifest.
2285 silly tarball no local data for @mapbox/tiny-sdf@https://registry.npmjs.org/@mapbox/tiny-sdf/-/tiny-sdf-2.2.0.tgz. Extracting by manifest.
2286 silly tarball no local data for @mapbox/point-geometry@https://registry.npmjs.org/@mapbox/point-geometry/-/point-geometry-1.1.0.tgz. Extracting by manifest.
2287 silly tarball no local data for @mapbox/jsonlint-lines-primitives@https://registry.npmjs.org/@mapbox/jsonlint-lines-primitives/-/jsonlint-lines-primitives-2.0.2.tgz. Extracting by manifest.
2288 silly tarball no local data for @mapbox/vector-tile@https://registry.npmjs.org/@mapbox/vector-tile/-/vector-tile-2.0.4.tgz. Extracting by manifest.
2289 silly tarball no local data for binary-extensions@https://registry.npmjs.org/binary-extensions/-/binary-extensions-2.3.0.tgz. Extracting by manifest.
2290 silly tarball no local data for p-locate@https://registry.npmjs.org/p-locate/-/p-locate-5.0.0.tgz. Extracting by manifest.
2291 silly tarball no local data for type-check@https://registry.npmjs.org/type-check/-/type-check-0.4.0.tgz. Extracting by manifest.
2292 silly tarball no local data for prelude-ls@https://registry.npmjs.org/prelude-ls/-/prelude-ls-1.2.1.tgz. Extracting by manifest.
2293 silly tarball no local data for language-subtag-registry@https://registry.npmjs.org/language-subtag-registry/-/language-subtag-registry-0.3.23.tgz. Extracting by manifest.
2294 silly tarball no local data for json-buffer@https://registry.npmjs.org/json-buffer/-/json-buffer-3.0.1.tgz. Extracting by manifest.
2295 silly tarball no local data for is-number@https://registry.npmjs.org/is-number/-/is-number-7.0.0.tgz. Extracting by manifest.
2296 silly tarball no local data for argparse@https://registry.npmjs.org/argparse/-/argparse-2.0.1.tgz. Extracting by manifest.
2297 silly tarball no local data for wrap-ansi@https://registry.npmjs.org/wrap-ansi/-/wrap-ansi-8.1.0.tgz. Extracting by manifest.
2298 silly tarball no local data for strip-ansi-cjs@https://registry.npmjs.org/strip-ansi/-/strip-ansi-6.0.1.tgz. Extracting by manifest.
2299 silly tarball no local data for wrap-ansi-cjs@https://registry.npmjs.org/wrap-ansi/-/wrap-ansi-7.0.0.tgz. Extracting by manifest.
2300 silly tarball no local data for string-width-cjs@https://registry.npmjs.org/string-width/-/string-width-4.2.3.tgz. Extracting by manifest.
2301 silly tarball no local data for string-width@https://registry.npmjs.org/string-width/-/string-width-5.1.2.tgz. Extracting by manifest.
2302 silly tarball no local data for @pkgjs/parseargs@https://registry.npmjs.org/@pkgjs/parseargs/-/parseargs-0.11.0.tgz. Extracting by manifest.
2303 silly tarball no local data for set-function-name@https://registry.npmjs.org/set-function-name/-/set-function-name-2.0.2.tgz. Extracting by manifest.
2304 silly tarball no local data for @isaacs/cliui@https://registry.npmjs.org/@isaacs/cliui/-/cliui-8.0.2.tgz. Extracting by manifest.
2305 silly tarball no local data for is-extglob@https://registry.npmjs.org/is-extglob/-/is-extglob-2.1.1.tgz. Extracting by manifest.
2306 silly tarball no local data for parent-module@https://registry.npmjs.org/parent-module/-/parent-module-1.0.1.tgz. Extracting by manifest.
2307 silly tarball no local data for side-channel@https://registry.npmjs.org/side-channel/-/side-channel-1.1.0.tgz. Extracting by manifest.
2308 silly tarball no local data for resolve-from@https://registry.npmjs.org/resolve-from/-/resolve-from-4.0.0.tgz. Extracting by manifest.
2309 silly tarball no local data for brace-expansion@https://registry.npmjs.org/brace-expansion/-/brace-expansion-1.1.14.tgz. Extracting by manifest.
2310 silly tarball no local data for @types/supercluster@https://registry.npmjs.org/@types/supercluster/-/supercluster-7.1.3.tgz. Extracting by manifest.
2311 silly tarball no local data for signal-exit@https://registry.npmjs.org/signal-exit/-/signal-exit-4.1.0.tgz. Extracting by manifest.
2312 silly tarball no local data for path-scurry@https://registry.npmjs.org/path-scurry/-/path-scurry-1.11.1.tgz. Extracting by manifest.
2313 silly tarball no local data for jackspeak@https://registry.npmjs.org/jackspeak/-/jackspeak-2.3.6.tgz. Extracting by manifest.
2314 silly tarball no local data for foreground-child@https://registry.npmjs.org/foreground-child/-/foreground-child-3.3.1.tgz. Extracting by manifest.
2315 silly tarball no local data for minipass@https://registry.npmjs.org/minipass/-/minipass-7.1.3.tgz. Extracting by manifest.
2316 silly tarball no local data for resolve-pkg-maps@https://registry.npmjs.org/resolve-pkg-maps/-/resolve-pkg-maps-1.0.0.tgz. Extracting by manifest.
2317 silly tarball no local data for functions-have-names@https://registry.npmjs.org/functions-have-names/-/functions-have-names-1.2.3.tgz. Extracting by manifest.
2318 silly tarball no local data for rimraf@https://registry.npmjs.org/rimraf/-/rimraf-3.0.2.tgz. Extracting by manifest.
2319 silly tarball no local data for keyv@https://registry.npmjs.org/keyv/-/keyv-4.5.4.tgz. Extracting by manifest.
2320 silly tarball no local data for flatted@https://registry.npmjs.org/flatted/-/flatted-3.4.2.tgz. Extracting by manifest.
2321 silly tarball no local data for path-exists@https://registry.npmjs.org/path-exists/-/path-exists-4.0.0.tgz. Extracting by manifest.
2322 silly tarball no local data for locate-path@https://registry.npmjs.org/locate-path/-/locate-path-6.0.0.tgz. Extracting by manifest.
2323 silly tarball no local data for flat-cache@https://registry.npmjs.org/flat-cache/-/flat-cache-3.2.0.tgz. Extracting by manifest.
2324 silly tarball no local data for reusify@https://registry.npmjs.org/reusify/-/reusify-1.1.0.tgz. Extracting by manifest.
2325 silly tarball no local data for acorn-jsx@https://registry.npmjs.org/acorn-jsx/-/acorn-jsx-5.3.2.tgz. Extracting by manifest.
2326 silly tarball no local data for acorn@https://registry.npmjs.org/acorn/-/acorn-8.16.0.tgz. Extracting by manifest.
2327 silly tarball no local data for esrecurse@https://registry.npmjs.org/esrecurse/-/esrecurse-4.3.0.tgz. Extracting by manifest.
2328 silly tarball no local data for iterator.prototype@https://registry.npmjs.org/iterator.prototype/-/iterator.prototype-1.1.5.tgz. Extracting by manifest.
2329 silly tarball no local data for string.prototype.repeat@https://registry.npmjs.org/string.prototype.repeat/-/string.prototype.repeat-1.0.0.tgz. Extracting by manifest.
2330 silly tarball no local data for string.prototype.matchall@https://registry.npmjs.org/string.prototype.matchall/-/string.prototype.matchall-4.0.12.tgz. Extracting by manifest.
2331 silly tarball no local data for prop-types@https://registry.npmjs.org/prop-types/-/prop-types-15.8.1.tgz. Extracting by manifest.
2332 silly tarball no local data for object.entries@https://registry.npmjs.org/object.entries/-/object.entries-1.1.9.tgz. Extracting by manifest.
2333 silly tarball no local data for estraverse@https://registry.npmjs.org/estraverse/-/estraverse-5.3.0.tgz. Extracting by manifest.
2334 silly tarball no local data for es-iterator-helpers@https://registry.npmjs.org/es-iterator-helpers/-/es-iterator-helpers-1.3.2.tgz. Extracting by manifest.
2335 silly tarball no local data for array.prototype.tosorted@https://registry.npmjs.org/array.prototype.tosorted/-/array.prototype.tosorted-1.1.4.tgz. Extracting by manifest.
2336 silly tarball no local data for string.prototype.includes@https://registry.npmjs.org/string.prototype.includes/-/string.prototype.includes-2.0.1.tgz. Extracting by manifest.
2337 silly tarball no local data for dunder-proto@https://registry.npmjs.org/dunder-proto/-/dunder-proto-1.0.1.tgz. Extracting by manifest.
2338 silly tarball no local data for language-tags@https://registry.npmjs.org/language-tags/-/language-tags-1.0.9.tgz. Extracting by manifest.
2339 silly tarball no local data for jsx-ast-utils@https://registry.npmjs.org/jsx-ast-utils/-/jsx-ast-utils-3.3.5.tgz. Extracting by manifest.
2340 silly tarball no local data for damerau-levenshtein@https://registry.npmjs.org/damerau-levenshtein/-/damerau-levenshtein-1.0.8.tgz. Extracting by manifest.
2341 silly tarball no local data for axobject-query@https://registry.npmjs.org/axobject-query/-/axobject-query-4.1.0.tgz. Extracting by manifest.
2342 silly tarball no local data for array.prototype.findlast@https://registry.npmjs.org/array.prototype.findlast/-/array.prototype.findlast-1.2.5.tgz. Extracting by manifest.
2343 silly tarball no local data for axe-core@https://registry.npmjs.org/axe-core/-/axe-core-4.11.4.tgz. Extracting by manifest.
2344 silly tarball no local data for is-symbol@https://registry.npmjs.org/is-symbol/-/is-symbol-1.1.1.tgz. Extracting by manifest.
2345 silly tarball no local data for aria-query@https://registry.npmjs.org/aria-query/-/aria-query-5.3.2.tgz. Extracting by manifest.
2346 silly tarball no local data for emoji-regex@https://registry.npmjs.org/emoji-regex/-/emoji-regex-9.2.2.tgz. Extracting by manifest.
2347 silly tarball no local data for ast-types-flow@https://registry.npmjs.org/ast-types-flow/-/ast-types-flow-0.0.8.tgz. Extracting by manifest.
2348 silly tarball no local data for is-date-object@https://registry.npmjs.org/is-date-object/-/is-date-object-1.1.0.tgz. Extracting by manifest.
2349 silly tarball no local data for which-typed-array@https://registry.npmjs.org/which-typed-array/-/which-typed-array-1.1.20.tgz. Extracting by manifest.
2350 silly tarball no local data for unbox-primitive@https://registry.npmjs.org/unbox-primitive/-/unbox-primitive-1.1.0.tgz. Extracting by manifest.
2351 silly tarball no local data for typed-array-byte-offset@https://registry.npmjs.org/typed-array-byte-offset/-/typed-array-byte-offset-1.0.4.tgz. Extracting by manifest.
2352 silly tarball no local data for possible-typed-array-names@https://registry.npmjs.org/possible-typed-array-names/-/possible-typed-array-names-1.1.0.tgz. Extracting by manifest.
2353 silly tarball no local data for typed-array-byte-length@https://registry.npmjs.org/typed-array-byte-length/-/typed-array-byte-length-1.0.3.tgz. Extracting by manifest.
2354 silly tarball no local data for typed-array-buffer@https://registry.npmjs.org/typed-array-buffer/-/typed-array-buffer-1.0.3.tgz. Extracting by manifest.
2355 silly tarball no local data for @mapbox/whoots-js@https://registry.npmjs.org/@mapbox/whoots-js/-/whoots-js-3.1.0.tgz. Extracting by manifest.
2356 silly tarball no local data for typed-array-length@https://registry.npmjs.org/typed-array-length/-/typed-array-length-1.0.7.tgz. Extracting by manifest.
2357 silly tarball no local data for set-proto@https://registry.npmjs.org/set-proto/-/set-proto-1.0.0.tgz. Extracting by manifest.
2358 silly tarball no local data for string.prototype.trimstart@https://registry.npmjs.org/string.prototype.trimstart/-/string.prototype.trimstart-1.0.8.tgz. Extracting by manifest.
2359 silly tarball no local data for has-tostringtag@https://registry.npmjs.org/has-tostringtag/-/has-tostringtag-1.0.2.tgz. Extracting by manifest.
2360 silly tarball no local data for safe-regex-test@https://registry.npmjs.org/safe-regex-test/-/safe-regex-test-1.1.0.tgz. Extracting by manifest.
2361 silly tarball no local data for stop-iteration-iterator@https://registry.npmjs.org/stop-iteration-iterator/-/stop-iteration-iterator-1.1.0.tgz. Extracting by manifest.
2362 silly tarball no local data for safe-array-concat@https://registry.npmjs.org/safe-array-concat/-/safe-array-concat-1.1.4.tgz. Extracting by manifest.
2363 silly tarball no local data for own-keys@https://registry.npmjs.org/own-keys/-/own-keys-1.0.1.tgz. Extracting by manifest.
2364 silly tarball no local data for object.assign@https://registry.npmjs.org/object.assign/-/object.assign-4.1.7.tgz. Extracting by manifest.
2365 silly tarball no local data for object-inspect@https://registry.npmjs.org/object-inspect/-/object-inspect-1.13.4.tgz. Extracting by manifest.
2366 silly tarball no local data for is-weakref@https://registry.npmjs.org/is-weakref/-/is-weakref-1.1.1.tgz. Extracting by manifest.
2367 silly tarball no local data for is-typed-array@https://registry.npmjs.org/is-typed-array/-/is-typed-array-1.1.15.tgz. Extracting by manifest.
2368 silly tarball no local data for safe-push-apply@https://registry.npmjs.org/safe-push-apply/-/safe-push-apply-1.0.0.tgz. Extracting by manifest.
2369 silly tarball no local data for is-shared-array-buffer@https://registry.npmjs.org/is-shared-array-buffer/-/is-shared-array-buffer-1.0.4.tgz. Extracting by manifest.
2370 silly tarball no local data for string.prototype.trim@https://registry.npmjs.org/string.prototype.trim/-/string.prototype.trim-1.2.10.tgz. Extracting by manifest.
2371 silly tarball no local data for is-regex@https://registry.npmjs.org/is-regex/-/is-regex-1.2.1.tgz. Extracting by manifest.
2372 silly tarball no local data for is-data-view@https://registry.npmjs.org/is-data-view/-/is-data-view-1.0.2.tgz. Extracting by manifest.
2373 silly tarball no local data for is-callable@https://registry.npmjs.org/is-callable/-/is-callable-1.2.7.tgz. Extracting by manifest.
2374 silly tarball no local data for is-negative-zero@https://registry.npmjs.org/is-negative-zero/-/is-negative-zero-2.0.3.tgz. Extracting by manifest.
2375 silly tarball no local data for is-array-buffer@https://registry.npmjs.org/is-array-buffer/-/is-array-buffer-3.0.5.tgz. Extracting by manifest.
2376 silly tarball no local data for has-symbols@https://registry.npmjs.org/has-symbols/-/has-symbols-1.1.0.tgz. Extracting by manifest.
2377 silly tarball no local data for has-proto@https://registry.npmjs.org/has-proto/-/has-proto-1.2.0.tgz. Extracting by manifest.
2378 silly tarball no local data for is-set@https://registry.npmjs.org/is-set/-/is-set-2.0.3.tgz. Extracting by manifest.
2379 silly tarball no local data for globalthis@https://registry.npmjs.org/globalthis/-/globalthis-1.0.4.tgz. Extracting by manifest.
2380 silly tarball no local data for internal-slot@https://registry.npmjs.org/internal-slot/-/internal-slot-1.1.0.tgz. Extracting by manifest.
2381 silly tarball no local data for get-symbol-description@https://registry.npmjs.org/get-symbol-description/-/get-symbol-description-1.1.0.tgz. Extracting by manifest.
2382 silly tarball no local data for get-proto@https://registry.npmjs.org/get-proto/-/get-proto-1.0.1.tgz. Extracting by manifest.
2383 silly tarball no local data for function.prototype.name@https://registry.npmjs.org/function.prototype.name/-/function.prototype.name-1.1.8.tgz. Extracting by manifest.
2384 silly tarball no local data for data-view-byte-offset@https://registry.npmjs.org/data-view-byte-offset/-/data-view-byte-offset-1.0.1.tgz. Extracting by manifest.
2385 silly tarball no local data for data-view-byte-length@https://registry.npmjs.org/data-view-byte-length/-/data-view-byte-length-1.0.2.tgz. Extracting by manifest.
2386 silly tarball no local data for data-view-buffer@https://registry.npmjs.org/data-view-buffer/-/data-view-buffer-1.0.2.tgz. Extracting by manifest.
2387 silly tarball no local data for es-set-tostringtag@https://registry.npmjs.org/es-set-tostringtag/-/es-set-tostringtag-2.1.0.tgz. Extracting by manifest.
2388 silly tarball no local data for available-typed-arrays@https://registry.npmjs.org/available-typed-arrays/-/available-typed-arrays-1.0.7.tgz. Extracting by manifest.
2389 silly tarball no local data for array-buffer-byte-length@https://registry.npmjs.org/array-buffer-byte-length/-/array-buffer-byte-length-1.0.2.tgz. Extracting by manifest.
2390 silly tarball no local data for gopd@https://registry.npmjs.org/gopd/-/gopd-1.2.0.tgz. Extracting by manifest.
2391 silly tarball no local data for object-keys@https://registry.npmjs.org/object-keys/-/object-keys-1.1.1.tgz. Extracting by manifest.
2392 silly tarball no local data for arraybuffer.prototype.slice@https://registry.npmjs.org/arraybuffer.prototype.slice/-/arraybuffer.prototype.slice-1.0.4.tgz. Extracting by manifest.
2393 silly tarball no local data for has-property-descriptors@https://registry.npmjs.org/has-property-descriptors/-/has-property-descriptors-1.0.2.tgz. Extracting by manifest.
2394 silly tarball no local data for es-to-primitive@https://registry.npmjs.org/es-to-primitive/-/es-to-primitive-1.3.0.tgz. Extracting by manifest.
2395 silly tarball no local data for function-bind@https://registry.npmjs.org/function-bind/-/function-bind-1.1.2.tgz. Extracting by manifest.
2396 silly tarball no local data for call-bind-apply-helpers@https://registry.npmjs.org/call-bind-apply-helpers/-/call-bind-apply-helpers-1.0.2.tgz. Extracting by manifest.
2397 silly tarball no local data for es-shim-unscopables@https://registry.npmjs.org/es-shim-unscopables/-/es-shim-unscopables-1.1.0.tgz. Extracting by manifest.
2398 silly tarball no local data for es-define-property@https://registry.npmjs.org/es-define-property/-/es-define-property-1.0.1.tgz. Extracting by manifest.
2399 silly tarball no local data for es-errors@https://registry.npmjs.org/es-errors/-/es-errors-1.3.0.tgz. Extracting by manifest.
2400 silly tarball no local data for math-intrinsics@https://registry.npmjs.org/math-intrinsics/-/math-intrinsics-1.1.0.tgz. Extracting by manifest.
2401 silly tarball no local data for is-string@https://registry.npmjs.org/is-string/-/is-string-1.1.1.tgz. Extracting by manifest.
2402 silly tarball no local data for get-intrinsic@https://registry.npmjs.org/get-intrinsic/-/get-intrinsic-1.3.0.tgz. Extracting by manifest.
2403 silly tarball no local data for define-data-property@https://registry.npmjs.org/define-data-property/-/define-data-property-1.1.4.tgz. Extracting by manifest.
2404 silly tarball no local data for es-object-atoms@https://registry.npmjs.org/es-object-atoms/-/es-object-atoms-1.1.1.tgz. Extracting by manifest.
2405 silly tarball no local data for define-properties@https://registry.npmjs.org/define-properties/-/define-properties-1.2.1.tgz. Extracting by manifest.
2406 silly tarball no local data for set-function-length@https://registry.npmjs.org/set-function-length/-/set-function-length-1.2.2.tgz. Extracting by manifest.
2407 silly tarball no local data for call-bound@https://registry.npmjs.org/call-bound/-/call-bound-1.0.4.tgz. Extracting by manifest.
2408 silly tarball no local data for es-abstract@https://registry.npmjs.org/es-abstract/-/es-abstract-1.24.2.tgz. Extracting by manifest.
2409 silly tarball no local data for tsconfig-paths@https://registry.npmjs.org/tsconfig-paths/-/tsconfig-paths-3.15.0.tgz. Extracting by manifest.
2410 silly tarball no local data for object.values@https://registry.npmjs.org/object.values/-/object.values-1.2.1.tgz. Extracting by manifest.
2411 silly tarball no local data for call-bind@https://registry.npmjs.org/call-bind/-/call-bind-1.0.9.tgz. Extracting by manifest.
2412 silly tarball no local data for regexp.prototype.flags@https://registry.npmjs.org/regexp.prototype.flags/-/regexp.prototype.flags-1.5.4.tgz. Extracting by manifest.
2413 silly tarball no local data for object.groupby@https://registry.npmjs.org/object.groupby/-/object.groupby-1.0.3.tgz. Extracting by manifest.
2414 silly tarball no local data for eslint-module-utils@https://registry.npmjs.org/eslint-module-utils/-/eslint-module-utils-2.12.1.tgz. Extracting by manifest.
2415 silly tarball no local data for hasown@https://registry.npmjs.org/hasown/-/hasown-2.0.3.tgz. Extracting by manifest.
2416 silly tarball no local data for array.prototype.flat@https://registry.npmjs.org/array.prototype.flat/-/array.prototype.flat-1.3.3.tgz. Extracting by manifest.
2417 silly tarball no local data for object.fromentries@https://registry.npmjs.org/object.fromentries/-/object.fromentries-2.0.8.tgz. Extracting by manifest.
2418 silly tarball no local data for array.prototype.flatmap@https://registry.npmjs.org/array.prototype.flatmap/-/array.prototype.flatmap-1.3.3.tgz. Extracting by manifest.
2419 silly tarball no local data for array-includes@https://registry.npmjs.org/array-includes/-/array-includes-3.1.9.tgz. Extracting by manifest.
2420 silly tarball no local data for @rtsao/scc@https://registry.npmjs.org/@rtsao/scc/-/scc-1.1.0.tgz. Extracting by manifest.
2421 silly tarball no local data for unrs-resolver@https://registry.npmjs.org/unrs-resolver/-/unrs-resolver-1.11.1.tgz. Extracting by manifest.
2422 silly tarball no local data for stable-hash@https://registry.npmjs.org/stable-hash/-/stable-hash-0.0.5.tgz. Extracting by manifest.
2423 silly tarball no local data for is-bun-module@https://registry.npmjs.org/is-bun-module/-/is-bun-module-2.0.0.tgz. Extracting by manifest.
2424 silly tarball no local data for get-tsconfig@https://registry.npmjs.org/get-tsconfig/-/get-tsconfig-4.14.0.tgz. Extracting by manifest.
2425 silly tarball no local data for array.prototype.findlastindex@https://registry.npmjs.org/array.prototype.findlastindex/-/array.prototype.findlastindex-1.2.6.tgz. Extracting by manifest.
2426 silly tarball no local data for @nolyfill/is-core-module@https://registry.npmjs.org/@nolyfill/is-core-module/-/is-core-module-1.0.39.tgz. Extracting by manifest.
2427 silly tarball no local data for resolve@https://registry.npmjs.org/resolve/-/resolve-2.0.0-next.6.tgz. Extracting by manifest.
2428 silly tarball no local data for semver@https://registry.npmjs.org/semver/-/semver-7.8.0.tgz. Extracting by manifest.
2429 silly tarball no local data for tinyglobby@https://registry.npmjs.org/tinyglobby/-/tinyglobby-0.2.16.tgz. Extracting by manifest.
2430 silly tarball no local data for @typescript-eslint/tsconfig-utils@https://registry.npmjs.org/@typescript-eslint/tsconfig-utils/-/tsconfig-utils-8.59.2.tgz. Extracting by manifest.
2431 silly tarball no local data for is-core-module@https://registry.npmjs.org/is-core-module/-/is-core-module-2.16.2.tgz. Extracting by manifest.
2432 silly tarball no local data for @typescript-eslint/project-service@https://registry.npmjs.org/@typescript-eslint/project-service/-/project-service-8.59.2.tgz. Extracting by manifest.
2433 silly tarball no local data for @typescript-eslint/types@https://registry.npmjs.org/@typescript-eslint/types/-/types-8.59.2.tgz. Extracting by manifest.
2434 silly tarball no local data for @typescript-eslint/typescript-estree@https://registry.npmjs.org/@typescript-eslint/typescript-estree/-/typescript-estree-8.59.2.tgz. Extracting by manifest.
2435 silly tarball no local data for @typescript-eslint/utils@https://registry.npmjs.org/@typescript-eslint/utils/-/utils-8.59.2.tgz. Extracting by manifest.
2436 silly tarball no local data for ts-api-utils@https://registry.npmjs.org/ts-api-utils/-/ts-api-utils-2.5.0.tgz. Extracting by manifest.
2437 silly tarball no local data for @typescript-eslint/visitor-keys@https://registry.npmjs.org/@typescript-eslint/visitor-keys/-/visitor-keys-8.59.2.tgz. Extracting by manifest.
2438 silly tarball no local data for string.prototype.trimend@https://registry.npmjs.org/string.prototype.trimend/-/string.prototype.trimend-1.0.9.tgz. Extracting by manifest.
2439 silly tarball no local data for @typescript-eslint/type-utils@https://registry.npmjs.org/@typescript-eslint/type-utils/-/type-utils-8.59.2.tgz. Extracting by manifest.
2440 silly tarball no local data for @typescript-eslint/scope-manager@https://registry.npmjs.org/@typescript-eslint/scope-manager/-/scope-manager-8.59.2.tgz. Extracting by manifest.
2441 silly tarball no local data for eslint-plugin-react@https://registry.npmjs.org/eslint-plugin-react/-/eslint-plugin-react-7.37.5.tgz. Extracting by manifest.
2442 silly tarball no local data for eslint-plugin-jsx-a11y@https://registry.npmjs.org/eslint-plugin-jsx-a11y/-/eslint-plugin-jsx-a11y-6.10.2.tgz. Extracting by manifest.
2443 silly tarball no local data for eslint-import-resolver-typescript@https://registry.npmjs.org/eslint-import-resolver-typescript/-/eslint-import-resolver-typescript-3.10.1.tgz. Extracting by manifest.
2444 silly tarball no local data for eslint-import-resolver-node@https://registry.npmjs.org/eslint-import-resolver-node/-/eslint-import-resolver-node-0.3.10.tgz. Extracting by manifest.
2445 silly tarball no local data for @typescript-eslint/parser@https://registry.npmjs.org/@typescript-eslint/parser/-/parser-8.59.2.tgz. Extracting by manifest.
2446 silly tarball no local data for glob@https://registry.npmjs.org/glob/-/glob-10.3.10.tgz. Extracting by manifest.
2447 silly tarball no local data for eslint-plugin-react-hooks@https://registry.npmjs.org/eslint-plugin-react-hooks/-/eslint-plugin-react-hooks-5.0.0-canary-7118f5dd7-20230705.tgz. Extracting by manifest.
2448 silly tarball no local data for @typescript-eslint/eslint-plugin@https://registry.npmjs.org/@typescript-eslint/eslint-plugin/-/eslint-plugin-8.59.2.tgz. Extracting by manifest.
2449 silly tarball no local data for @rushstack/eslint-patch@https://registry.npmjs.org/@rushstack/eslint-patch/-/eslint-patch-1.16.1.tgz. Extracting by manifest.
2450 silly tarball no local data for shebang-command@https://registry.npmjs.org/shebang-command/-/shebang-command-2.0.0.tgz. Extracting by manifest.
2451 silly tarball no local data for @next/eslint-plugin-next@https://registry.npmjs.org/@next/eslint-plugin-next/-/eslint-plugin-next-14.2.35.tgz. Extracting by manifest.
2452 silly tarball no local data for path-key@https://registry.npmjs.org/path-key/-/path-key-3.1.1.tgz. Extracting by manifest.
2453 silly tarball no local data for color-name@https://registry.npmjs.org/color-name/-/color-name-1.1.4.tgz. Extracting by manifest.
2454 silly tarball no local data for ms@https://registry.npmjs.org/ms/-/ms-2.1.3.tgz. Extracting by manifest.
2455 silly tarball no local data for supports-color@https://registry.npmjs.org/supports-color/-/supports-color-7.2.0.tgz. Extracting by manifest.
2456 silly tarball no local data for which@https://registry.npmjs.org/which/-/which-2.0.2.tgz. Extracting by manifest.
2457 silly tarball no local data for ansi-styles@https://registry.npmjs.org/ansi-styles/-/ansi-styles-4.3.0.tgz. Extracting by manifest.
2458 silly tarball no local data for color-convert@https://registry.npmjs.org/color-convert/-/color-convert-2.0.1.tgz. Extracting by manifest.
2459 silly tarball no local data for json-schema-traverse@https://registry.npmjs.org/json-schema-traverse/-/json-schema-traverse-0.4.1.tgz. Extracting by manifest.
2460 silly tarball no local data for fast-json-stable-stringify@https://registry.npmjs.org/fast-json-stable-stringify/-/fast-json-stable-stringify-2.1.0.tgz. Extracting by manifest.
2461 silly tarball no local data for uri-js@https://registry.npmjs.org/uri-js/-/uri-js-4.4.1.tgz. Extracting by manifest.
2462 silly tarball no local data for fastq@https://registry.npmjs.org/fastq/-/fastq-1.20.1.tgz. Extracting by manifest.
2463 silly tarball no local data for @nodelib/fs.stat@https://registry.npmjs.org/@nodelib/fs.stat/-/fs.stat-2.0.5.tgz. Extracting by manifest.
2464 silly tarball no local data for run-parallel@https://registry.npmjs.org/run-parallel/-/run-parallel-1.2.0.tgz. Extracting by manifest.
2465 silly tarball no local data for @nodelib/fs.scandir@https://registry.npmjs.org/@nodelib/fs.scandir/-/fs.scandir-2.1.5.tgz. Extracting by manifest.
2466 silly tarball no local data for strip-json-comments@https://registry.npmjs.org/strip-json-comments/-/strip-json-comments-3.1.1.tgz. Extracting by manifest.
2467 silly tarball no local data for text-table@https://registry.npmjs.org/text-table/-/text-table-0.2.0.tgz. Extracting by manifest.
2468 silly tarball no local data for strip-ansi@https://registry.npmjs.org/strip-ansi/-/strip-ansi-6.0.1.tgz. Extracting by manifest.
2469 silly tarball no local data for import-fresh@https://registry.npmjs.org/import-fresh/-/import-fresh-3.3.1.tgz. Extracting by manifest.
2470 silly tarball no local data for @humanwhocodes/object-schema@https://registry.npmjs.org/@humanwhocodes/object-schema/-/object-schema-2.0.3.tgz. Extracting by manifest.
2471 silly tarball no local data for optionator@https://registry.npmjs.org/optionator/-/optionator-0.9.4.tgz. Extracting by manifest.
2472 silly tarball no local data for natural-compare@https://registry.npmjs.org/natural-compare/-/natural-compare-1.4.0.tgz. Extracting by manifest.
2473 silly tarball no local data for lodash.merge@https://registry.npmjs.org/lodash.merge/-/lodash.merge-4.6.2.tgz. Extracting by manifest.
2474 silly tarball no local data for minimatch@https://registry.npmjs.org/minimatch/-/minimatch-3.1.5.tgz. Extracting by manifest.
2475 silly tarball no local data for levn@https://registry.npmjs.org/levn/-/levn-0.4.1.tgz. Extracting by manifest.
2476 silly tarball no local data for js-yaml@https://registry.npmjs.org/js-yaml/-/js-yaml-4.1.1.tgz. Extracting by manifest.
2477 silly tarball no local data for is-path-inside@https://registry.npmjs.org/is-path-inside/-/is-path-inside-3.0.3.tgz. Extracting by manifest.
2478 silly tarball no local data for is-glob@https://registry.npmjs.org/is-glob/-/is-glob-4.0.3.tgz. Extracting by manifest.
2479 silly tarball no local data for imurmurhash@https://registry.npmjs.org/imurmurhash/-/imurmurhash-0.1.4.tgz. Extracting by manifest.
2480 silly tarball no local data for globals@https://registry.npmjs.org/globals/-/globals-13.24.0.tgz. Extracting by manifest.
2481 silly tarball no local data for glob-parent@https://registry.npmjs.org/glob-parent/-/glob-parent-6.0.2.tgz. Extracting by manifest.
2482 silly tarball no local data for ignore@https://registry.npmjs.org/ignore/-/ignore-5.3.2.tgz. Extracting by manifest.
2483 silly tarball no local data for graphemer@https://registry.npmjs.org/graphemer/-/graphemer-1.4.0.tgz. Extracting by manifest.
2484 silly tarball no local data for find-up@https://registry.npmjs.org/find-up/-/find-up-5.0.0.tgz. Extracting by manifest.
2485 silly tarball no local data for file-entry-cache@https://registry.npmjs.org/file-entry-cache/-/file-entry-cache-6.0.1.tgz. Extracting by manifest.
2486 silly tarball no local data for esutils@https://registry.npmjs.org/esutils/-/esutils-2.0.3.tgz. Extracting by manifest.
2487 silly tarball no local data for fast-deep-equal@https://registry.npmjs.org/fast-deep-equal/-/fast-deep-equal-3.1.3.tgz. Extracting by manifest.
2488 silly tarball no local data for esquery@https://registry.npmjs.org/esquery/-/esquery-1.7.0.tgz. Extracting by manifest.
2489 silly tarball no local data for espree@https://registry.npmjs.org/espree/-/espree-9.6.1.tgz. Extracting by manifest.
2490 silly tarball no local data for eslint-scope@https://registry.npmjs.org/eslint-scope/-/eslint-scope-7.2.2.tgz. Extracting by manifest.
2491 silly tarball no local data for eslint-visitor-keys@https://registry.npmjs.org/eslint-visitor-keys/-/eslint-visitor-keys-3.4.3.tgz. Extracting by manifest.
2492 silly tarball no local data for escape-string-regexp@https://registry.npmjs.org/escape-string-regexp/-/escape-string-regexp-4.0.0.tgz. Extracting by manifest.
2493 silly tarball no local data for cross-spawn@https://registry.npmjs.org/cross-spawn/-/cross-spawn-7.0.6.tgz. Extracting by manifest.
2494 silly tarball no local data for chalk@https://registry.npmjs.org/chalk/-/chalk-4.1.2.tgz. Extracting by manifest.
2495 silly tarball no local data for ajv@https://registry.npmjs.org/ajv/-/ajv-6.15.0.tgz. Extracting by manifest.
2496 silly tarball no local data for doctrine@https://registry.npmjs.org/doctrine/-/doctrine-3.0.0.tgz. Extracting by manifest.
2497 silly tarball no local data for @ungap/structured-clone@https://registry.npmjs.org/@ungap/structured-clone/-/structured-clone-1.3.1.tgz. Extracting by manifest.
2498 silly tarball no local data for @humanwhocodes/module-importer@https://registry.npmjs.org/@humanwhocodes/module-importer/-/module-importer-1.0.1.tgz. Extracting by manifest.
2499 silly tarball no local data for @humanwhocodes/config-array@https://registry.npmjs.org/@humanwhocodes/config-array/-/config-array-0.13.0.tgz. Extracting by manifest.
2500 silly tarball no local data for @eslint/js@https://registry.npmjs.org/@eslint/js/-/js-8.57.1.tgz. Extracting by manifest.
2501 silly tarball no local data for @eslint/eslintrc@https://registry.npmjs.org/@eslint/eslintrc/-/eslintrc-2.1.4.tgz. Extracting by manifest.
2502 silly tarball no local data for debug@https://registry.npmjs.org/debug/-/debug-4.4.3.tgz. Extracting by manifest.
2503 silly tarball no local data for @eslint-community/regexpp@https://registry.npmjs.org/@eslint-community/regexpp/-/regexpp-4.12.2.tgz. Extracting by manifest.
2504 silly tarball no local data for @nodelib/fs.walk@https://registry.npmjs.org/@nodelib/fs.walk/-/fs.walk-1.2.8.tgz. Extracting by manifest.
2505 silly tarball no local data for update-browserslist-db@https://registry.npmjs.org/update-browserslist-db/-/update-browserslist-db-1.2.3.tgz. Extracting by manifest.
2506 silly tarball no local data for json-stable-stringify-without-jsonify@https://registry.npmjs.org/json-stable-stringify-without-jsonify/-/json-stable-stringify-without-jsonify-1.0.1.tgz. Extracting by manifest.
2507 silly tarball no local data for electron-to-chromium@https://registry.npmjs.org/electron-to-chromium/-/electron-to-chromium-1.5.353.tgz. Extracting by manifest.
2508 silly tarball no local data for @eslint-community/eslint-utils@https://registry.npmjs.org/@eslint-community/eslint-utils/-/eslint-utils-4.9.1.tgz. Extracting by manifest.
2509 silly tarball no local data for eslint-plugin-import@https://registry.npmjs.org/eslint-plugin-import/-/eslint-plugin-import-2.32.0.tgz. Extracting by manifest.
2510 silly tarball no local data for node-releases@https://registry.npmjs.org/node-releases/-/node-releases-2.0.38.tgz. Extracting by manifest.
2511 silly tarball no local data for baseline-browser-mapping@https://registry.npmjs.org/baseline-browser-mapping/-/baseline-browser-mapping-2.10.29.tgz. Extracting by manifest.
2512 silly tarball no local data for postcss-value-parser@https://registry.npmjs.org/postcss-value-parser/-/postcss-value-parser-4.2.0.tgz. Extracting by manifest.
2513 silly tarball no local data for picocolors@https://registry.npmjs.org/picocolors/-/picocolors-1.1.1.tgz. Extracting by manifest.
2514 silly tarball no local data for browserslist@https://registry.npmjs.org/browserslist/-/browserslist-4.28.2.tgz. Extracting by manifest.
2515 silly tarball no local data for caniuse-lite@https://registry.npmjs.org/caniuse-lite/-/caniuse-lite-1.0.30001792.tgz. Extracting by manifest.
2516 silly tarball no local data for fraction.js@https://registry.npmjs.org/fraction.js/-/fraction.js-5.3.4.tgz. Extracting by manifest.
2517 silly tarball no local data for csstype@https://registry.npmjs.org/csstype/-/csstype-3.2.3.tgz. Extracting by manifest.
2518 silly tarball no local data for tslib@https://registry.npmjs.org/tslib/-/tslib-2.8.1.tgz. Extracting by manifest.
2519 silly tarball no local data for @tanstack/query-core@https://registry.npmjs.org/@tanstack/query-core/-/query-core-5.100.9.tgz. Extracting by manifest.
2520 silly tarball no local data for @types/prop-types@https://registry.npmjs.org/@types/prop-types/-/prop-types-15.7.15.tgz. Extracting by manifest.
2521 silly tarball no local data for undici-types@https://registry.npmjs.org/undici-types/-/undici-types-6.21.0.tgz. Extracting by manifest.
2522 silly tarball no local data for @radix-ui/react-roving-focus@https://registry.npmjs.org/@radix-ui/react-roving-focus/-/react-roving-focus-1.1.11.tgz. Extracting by manifest.
2523 silly tarball no local data for @radix-ui/react-use-effect-event@https://registry.npmjs.org/@radix-ui/react-use-effect-event/-/react-use-effect-event-0.0.2.tgz. Extracting by manifest.
2524 silly tarball no local data for @radix-ui/react-use-escape-keydown@https://registry.npmjs.org/@radix-ui/react-use-escape-keydown/-/react-use-escape-keydown-1.1.1.tgz. Extracting by manifest.
2525 silly tarball no local data for @radix-ui/react-use-callback-ref@https://registry.npmjs.org/@radix-ui/react-use-callback-ref/-/react-use-callback-ref-1.1.1.tgz. Extracting by manifest.
2526 silly tarball no local data for react-remove-scroll@https://registry.npmjs.org/react-remove-scroll/-/react-remove-scroll-2.7.2.tgz. Extracting by manifest.
2527 silly tarball no local data for aria-hidden@https://registry.npmjs.org/aria-hidden/-/aria-hidden-1.2.6.tgz. Extracting by manifest.
2528 silly tarball no local data for @radix-ui/react-focus-guards@https://registry.npmjs.org/@radix-ui/react-focus-guards/-/react-focus-guards-1.1.3.tgz. Extracting by manifest.
2529 silly tarball no local data for @radix-ui/react-portal@https://registry.npmjs.org/@radix-ui/react-portal/-/react-portal-1.1.9.tgz. Extracting by manifest.
2530 silly tarball no local data for @radix-ui/react-dismissable-layer@https://registry.npmjs.org/@radix-ui/react-dismissable-layer/-/react-dismissable-layer-1.1.11.tgz. Extracting by manifest.
2531 silly tarball no local data for @radix-ui/react-use-layout-effect@https://registry.npmjs.org/@radix-ui/react-use-layout-effect/-/react-use-layout-effect-1.1.1.tgz. Extracting by manifest.
2532 silly tarball no local data for @radix-ui/react-presence@https://registry.npmjs.org/@radix-ui/react-presence/-/react-presence-1.1.5.tgz. Extracting by manifest.
2533 silly tarball no local data for @radix-ui/react-primitive@https://registry.npmjs.org/@radix-ui/react-primitive/-/react-primitive-2.1.3.tgz. Extracting by manifest.
2534 silly tarball no local data for @radix-ui/react-focus-scope@https://registry.npmjs.org/@radix-ui/react-focus-scope/-/react-focus-scope-1.1.7.tgz. Extracting by manifest.
2535 silly tarball no local data for @radix-ui/react-use-controllable-state@https://registry.npmjs.org/@radix-ui/react-use-controllable-state/-/react-use-controllable-state-1.2.2.tgz. Extracting by manifest.
2536 silly tarball no local data for @radix-ui/react-context@https://registry.npmjs.org/@radix-ui/react-context/-/react-context-1.1.2.tgz. Extracting by manifest.
2537 silly tarball no local data for @radix-ui/react-id@https://registry.npmjs.org/@radix-ui/react-id/-/react-id-1.1.1.tgz. Extracting by manifest.
2538 silly tarball no local data for @radix-ui/react-compose-refs@https://registry.npmjs.org/@radix-ui/react-compose-refs/-/react-compose-refs-1.1.2.tgz. Extracting by manifest.
2539 silly tarball no local data for @radix-ui/react-direction@https://registry.npmjs.org/@radix-ui/react-direction/-/react-direction-1.1.1.tgz. Extracting by manifest.
2540 silly tarball no local data for @radix-ui/react-collection@https://registry.npmjs.org/@radix-ui/react-collection/-/react-collection-1.1.7.tgz. Extracting by manifest.
2541 silly tarball no local data for zod@https://registry.npmjs.org/zod/-/zod-3.25.76.tgz. Extracting by manifest.
2542 silly tarball no local data for @radix-ui/primitive@https://registry.npmjs.org/@radix-ui/primitive/-/primitive-1.1.3.tgz. Extracting by manifest.
2543 silly tarball no local data for zustand@https://registry.npmjs.org/zustand/-/zustand-5.0.13.tgz. Extracting by manifest.
2544 silly tarball no local data for typescript@https://registry.npmjs.org/typescript/-/typescript-5.9.3.tgz. Extracting by manifest.
2545 silly tarball no local data for @radix-ui/react-collapsible@https://registry.npmjs.org/@radix-ui/react-collapsible/-/react-collapsible-1.1.12.tgz. Extracting by manifest.
2546 silly tarball no local data for tailwindcss-animate@https://registry.npmjs.org/tailwindcss-animate/-/tailwindcss-animate-1.0.7.tgz. Extracting by manifest.
2547 silly tarball no local data for tailwindcss@https://registry.npmjs.org/tailwindcss/-/tailwindcss-3.4.19.tgz. Extracting by manifest.
2548 silly tarball no local data for type-fest@https://registry.npmjs.org/type-fest/-/type-fest-0.20.2.tgz. Extracting by manifest.
2549 silly tarball no local data for next@https://registry.npmjs.org/next/-/next-14.2.35.tgz. Extracting by manifest.
2550 silly tarball no local data for maplibre-gl@https://registry.npmjs.org/maplibre-gl/-/maplibre-gl-5.24.0.tgz. Extracting by manifest.
2551 silly tarball no local data for eslint@https://registry.npmjs.org/eslint/-/eslint-8.57.1.tgz. Extracting by manifest.
2552 silly tarball no local data for eslint-config-next@https://registry.npmjs.org/eslint-config-next/-/eslint-config-next-14.2.35.tgz. Extracting by manifest.
2553 silly tarball no local data for lucide-react@https://registry.npmjs.org/lucide-react/-/lucide-react-0.475.0.tgz. Extracting by manifest.
2554 silly tarball no local data for clsx@https://registry.npmjs.org/clsx/-/clsx-2.1.1.tgz. Extracting by manifest.
2555 silly tarball no local data for autoprefixer@https://registry.npmjs.org/autoprefixer/-/autoprefixer-10.5.0.tgz. Extracting by manifest.
2556 silly tarball no local data for class-variance-authority@https://registry.npmjs.org/class-variance-authority/-/class-variance-authority-0.7.1.tgz. Extracting by manifest.
2557 silly tarball no local data for postcss@https://registry.npmjs.org/postcss/-/postcss-8.5.14.tgz. Extracting by manifest.
2558 silly tarball no local data for @types/react-dom@https://registry.npmjs.org/@types/react-dom/-/react-dom-18.3.7.tgz. Extracting by manifest.
2559 silly tarball no local data for @types/node@https://registry.npmjs.org/@types/node/-/node-22.19.18.tgz. Extracting by manifest.
2560 silly tarball no local data for @types/geojson@https://registry.npmjs.org/@types/geojson/-/geojson-7946.0.16.tgz. Extracting by manifest.
2561 silly tarball no local data for @types/react@https://registry.npmjs.org/@types/react/-/react-18.3.28.tgz. Extracting by manifest.
2562 silly tarball no local data for @tanstack/react-query@https://registry.npmjs.org/@tanstack/react-query/-/react-query-5.100.9.tgz. Extracting by manifest.
2563 silly tarball no local data for @radix-ui/react-tabs@https://registry.npmjs.org/@radix-ui/react-tabs/-/react-tabs-1.1.13.tgz. Extracting by manifest.
2564 silly tarball no local data for @radix-ui/react-slot@https://registry.npmjs.org/@radix-ui/react-slot/-/react-slot-1.2.4.tgz. Extracting by manifest.
2565 silly tarball no local data for @radix-ui/react-dialog@https://registry.npmjs.org/@radix-ui/react-dialog/-/react-dialog-1.1.15.tgz. Extracting by manifest.
2566 silly tarball no local data for @radix-ui/react-accordion@https://registry.npmjs.org/@radix-ui/react-accordion/-/react-accordion-1.2.12.tgz. Extracting by manifest.
2567 silly tarball no local data for react@https://registry.npmjs.org/react/-/react-18.3.1.tgz. Extracting by manifest.
2568 silly tarball no local data for resolve@https://registry.npmjs.org/resolve/-/resolve-1.22.12.tgz. Extracting by manifest.
2569 silly tarball no local data for semver@https://registry.npmjs.org/semver/-/semver-6.3.1.tgz. Extracting by manifest.
2570 silly tarball no local data for glob-parent@https://registry.npmjs.org/glob-parent/-/glob-parent-5.1.2.tgz. Extracting by manifest.
2571 silly tarball no local data for @maplibre/geojson-vt@https://registry.npmjs.org/@maplibre/geojson-vt/-/geojson-vt-5.0.4.tgz. Extracting by manifest.
2572 silly tarball no local data for string-width@https://registry.npmjs.org/string-width/-/string-width-4.2.3.tgz. Extracting by manifest.
2573 silly tarball no local data for emoji-regex@https://registry.npmjs.org/emoji-regex/-/emoji-regex-8.0.0.tgz. Extracting by manifest.
2574 silly tarball no local data for ansi-regex@https://registry.npmjs.org/ansi-regex/-/ansi-regex-6.2.2.tgz. Extracting by manifest.
2575 silly tarball no local data for ansi-styles@https://registry.npmjs.org/ansi-styles/-/ansi-styles-6.2.3.tgz. Extracting by manifest.
2576 silly tarball no local data for glob-parent@https://registry.npmjs.org/glob-parent/-/glob-parent-5.1.2.tgz. Extracting by manifest.
2577 silly tarball no local data for emoji-regex@https://registry.npmjs.org/emoji-regex/-/emoji-regex-8.0.0.tgz. Extracting by manifest.
2578 silly tarball no local data for strip-ansi@https://registry.npmjs.org/strip-ansi/-/strip-ansi-7.2.0.tgz. Extracting by manifest.
2579 silly tarball no local data for ansi-regex@https://registry.npmjs.org/ansi-regex/-/ansi-regex-6.2.2.tgz. Extracting by manifest.
2580 silly tarball no local data for strip-ansi@https://registry.npmjs.org/strip-ansi/-/strip-ansi-7.2.0.tgz. Extracting by manifest.
2581 silly tarball no local data for strip-ansi@https://registry.npmjs.org/strip-ansi/-/strip-ansi-7.2.0.tgz. Extracting by manifest.
2582 silly tarball no local data for ansi-regex@https://registry.npmjs.org/ansi-regex/-/ansi-regex-6.2.2.tgz. Extracting by manifest.
2583 silly tarball no local data for tailwind-merge@https://registry.npmjs.org/tailwind-merge/-/tailwind-merge-3.5.0.tgz. Extracting by manifest.
2584 silly tarball no local data for react-dom@https://registry.npmjs.org/react-dom/-/react-dom-18.3.1.tgz. Extracting by manifest.
2585 silly tarball no local data for debug@https://registry.npmjs.org/debug/-/debug-3.2.7.tgz. Extracting by manifest.
2586 silly tarball no local data for fdir@https://registry.npmjs.org/fdir/-/fdir-6.5.0.tgz. Extracting by manifest.
2587 silly tarball no local data for balanced-match@https://registry.npmjs.org/balanced-match/-/balanced-match-4.0.4.tgz. Extracting by manifest.
2588 silly tarball no local data for minimatch@https://registry.npmjs.org/minimatch/-/minimatch-10.2.5.tgz. Extracting by manifest.
2589 silly tarball no local data for picomatch@https://registry.npmjs.org/picomatch/-/picomatch-4.0.4.tgz. Extracting by manifest.
2590 silly tarball no local data for brace-expansion@https://registry.npmjs.org/brace-expansion/-/brace-expansion-5.0.6.tgz. Extracting by manifest.
2591 silly tarball no local data for eslint-visitor-keys@https://registry.npmjs.org/eslint-visitor-keys/-/eslint-visitor-keys-5.0.1.tgz. Extracting by manifest.
2592 silly tarball no local data for brace-expansion@https://registry.npmjs.org/brace-expansion/-/brace-expansion-2.1.0.tgz. Extracting by manifest.
2593 silly tarball no local data for semver@https://registry.npmjs.org/semver/-/semver-6.3.1.tgz. Extracting by manifest.
2594 silly tarball no local data for doctrine@https://registry.npmjs.org/doctrine/-/doctrine-2.1.0.tgz. Extracting by manifest.
2595 silly tarball no local data for semver@https://registry.npmjs.org/semver/-/semver-6.3.1.tgz. Extracting by manifest.
2596 silly tarball no local data for minimatch@https://registry.npmjs.org/minimatch/-/minimatch-9.0.9.tgz. Extracting by manifest.
2597 silly tarball no local data for debug@https://registry.npmjs.org/debug/-/debug-3.2.7.tgz. Extracting by manifest.
2598 silly tarball no local data for doctrine@https://registry.npmjs.org/doctrine/-/doctrine-2.1.0.tgz. Extracting by manifest.
2599 silly tarball no local data for debug@https://registry.npmjs.org/debug/-/debug-3.2.7.tgz. Extracting by manifest.
2600 silly tarball no local data for @radix-ui/react-slot@https://registry.npmjs.org/@radix-ui/react-slot/-/react-slot-1.2.3.tgz. Extracting by manifest.
2601 silly tarball no local data for resolve@https://registry.npmjs.org/resolve/-/resolve-1.22.12.tgz. Extracting by manifest.
2602 silly tarball no local data for @radix-ui/react-slot@https://registry.npmjs.org/@radix-ui/react-slot/-/react-slot-1.2.3.tgz. Extracting by manifest.
2603 silly tarball no local data for postcss@https://registry.npmjs.org/postcss/-/postcss-8.4.31.tgz. Extracting by manifest.
2604 silly tarball no local data for @radix-ui/react-slot@https://registry.npmjs.org/@radix-ui/react-slot/-/react-slot-1.2.3.tgz. Extracting by manifest.
2605 silly tarball no local data for glob@https://registry.npmjs.org/glob/-/glob-7.2.3.tgz. Extracting by manifest.
2606 silly tarball no local data for ignore@https://registry.npmjs.org/ignore/-/ignore-7.0.5.tgz. Extracting by manifest.
2607 http fetch GET 200 https://registry.npmjs.org/inherits/-/inherits-2.0.4.tgz 331ms (cache miss)
2608 timing reifyNode:node_modules/inherits Completed in 457ms
2609 http fetch GET 200 https://registry.npmjs.org/is-weakset/-/is-weakset-2.0.4.tgz 321ms (cache miss)
2610 http fetch GET 200 https://registry.npmjs.org/is-generator-function/-/is-generator-function-1.1.2.tgz 320ms (cache miss)
2611 http fetch GET 200 https://registry.npmjs.org/is-async-function/-/is-async-function-2.1.1.tgz 319ms (cache miss)
2612 http fetch GET 200 https://registry.npmjs.org/path-is-absolute/-/path-is-absolute-1.0.1.tgz 328ms (cache miss)
2613 timing reifyNode:node_modules/path-is-absolute Completed in 457ms
2614 http fetch GET 200 https://registry.npmjs.org/wrappy/-/wrappy-1.0.2.tgz 334ms (cache miss)
2615 timing reifyNode:node_modules/wrappy Completed in 458ms
2616 http fetch GET 200 https://registry.npmjs.org/is-finalizationregistry/-/is-finalizationregistry-1.1.1.tgz 321ms (cache miss)
2617 http fetch GET 200 https://registry.npmjs.org/inflight/-/inflight-1.0.6.tgz 333ms (cache miss)
2618 warn deprecated inflight@1.0.6: This module is not supported, and leaks memory. Do not use it. Check out lru-cache if you want a good and tested way to coalesce async requests by a key value, which is much more comprehensive and powerful.
2619 timing reifyNode:node_modules/inflight Completed in 458ms
2620 http fetch GET 200 https://registry.npmjs.org/generator-function/-/generator-function-2.0.1.tgz 326ms (cache miss)
2621 http fetch GET 200 https://registry.npmjs.org/once/-/once-1.4.0.tgz 334ms (cache miss)
2622 timing reifyNode:node_modules/once Completed in 458ms
2623 http fetch GET 200 https://registry.npmjs.org/which-collection/-/which-collection-1.0.2.tgz 322ms (cache miss)
2624 http fetch GET 200 https://registry.npmjs.org/is-weakmap/-/is-weakmap-2.0.2.tgz 327ms (cache miss)
2625 http fetch GET 200 https://registry.npmjs.org/async-function/-/async-function-1.0.0.tgz 324ms (cache miss)
2626 timing reifyNode:node_modules/is-async-function Completed in 459ms
2627 timing reifyNode:node_modules/which-collection Completed in 460ms
2628 timing reifyNode:node_modules/is-finalizationregistry Completed in 460ms
2629 http fetch GET 200 https://registry.npmjs.org/is-map/-/is-map-2.0.3.tgz 329ms (cache miss)
2630 timing reifyNode:node_modules/is-weakset Completed in 460ms
2631 timing reifyNode:node_modules/is-generator-function Completed in 461ms
2632 http fetch GET 200 https://registry.npmjs.org/fs.realpath/-/fs.realpath-1.0.0.tgz 331ms (cache miss)
2633 timing reifyNode:node_modules/fs.realpath Completed in 461ms
2634 timing reifyNode:node_modules/is-weakmap Completed in 461ms
2635 timing reifyNode:node_modules/async-function Completed in 461ms
2636 timing reifyNode:node_modules/is-map Completed in 461ms
2637 timing reifyNode:node_modules/generator-function Completed in 461ms
2638 http fetch GET 200 https://registry.npmjs.org/is-boolean-object/-/is-boolean-object-1.2.2.tgz 326ms (cache miss)
2639 timing reifyNode:node_modules/is-boolean-object Completed in 465ms
2640 http fetch GET 200 https://registry.npmjs.org/isexe/-/isexe-2.0.0.tgz 339ms (cache miss)
2641 timing reifyNode:node_modules/isexe Completed in 479ms
2642 http fetch GET 200 https://registry.npmjs.org/punycode/-/punycode-2.3.1.tgz 337ms (cache miss)
2643 timing reifyNode:node_modules/punycode Completed in 479ms
2644 http fetch GET 200 https://registry.npmjs.org/escalade/-/escalade-3.2.0.tgz 338ms (cache miss)
2645 timing reifyNode:node_modules/escalade Completed in 480ms
2646 http fetch GET 200 https://registry.npmjs.org/is-number-object/-/is-number-object-1.1.1.tgz 341ms (cache miss)
2647 http fetch GET 200 https://registry.npmjs.org/detect-node-es/-/detect-node-es-1.1.0.tgz 339ms (cache miss)
2648 timing reifyNode:node_modules/detect-node-es Completed in 480ms
2649 timing reifyNode:node_modules/is-number-object Completed in 480ms
2650 http fetch GET 200 https://registry.npmjs.org/is-bigint/-/is-bigint-1.1.0.tgz 338ms (cache miss)
2651 timing reifyNode:node_modules/is-bigint Completed in 484ms
2652 http fetch GET 200 https://registry.npmjs.org/napi-postinstall/-/napi-postinstall-0.3.4.tgz 345ms (cache miss)
2653 timing reifyNode:node_modules/napi-postinstall Completed in 491ms
2654 http fetch GET 200 https://registry.npmjs.org/@emnapi/runtime/-/runtime-1.10.0.tgz 355ms (cache miss)
2655 timing reifyNode:node_modules/@emnapi/runtime Completed in 500ms
2656 http fetch GET 200 https://registry.npmjs.org/has-bigints/-/has-bigints-1.1.0.tgz 351ms (cache miss)
2657 http fetch GET 200 https://registry.npmjs.org/@emnapi/wasi-threads/-/wasi-threads-1.2.1.tgz 359ms (cache miss)
2658 timing reifyNode:node_modules/has-bigints Completed in 500ms
2659 timing reifyNode:node_modules/@emnapi/wasi-threads Completed in 501ms
2660 http fetch GET 200 https://registry.npmjs.org/which-boxed-primitive/-/which-boxed-primitive-1.1.1.tgz 355ms (cache miss)
2661 timing reifyNode:node_modules/which-boxed-primitive Completed in 501ms
2662 http fetch GET 200 https://registry.npmjs.org/reflect.getprototypeof/-/reflect.getprototypeof-1.0.10.tgz 372ms (cache miss)
2663 timing reifyNode:node_modules/reflect.getprototypeof Completed in 521ms
2664 http fetch GET 200 https://registry.npmjs.org/which-builtin-type/-/which-builtin-type-1.2.1.tgz 374ms (cache miss)
2665 timing reifyNode:node_modules/which-builtin-type Completed in 522ms
2666 http fetch GET 200 https://registry.npmjs.org/strip-bom/-/strip-bom-3.0.0.tgz 381ms (cache miss)
2667 timing reifyNode:node_modules/strip-bom Completed in 531ms
2668 http fetch GET 200 https://registry.npmjs.org/@tybys/wasm-util/-/wasm-util-0.10.2.tgz 392ms (cache miss)
2669 timing reifyNode:node_modules/@tybys/wasm-util Completed in 536ms
2670 http fetch GET 200 https://registry.npmjs.org/json5/-/json5-1.0.2.tgz 388ms (cache miss)
2671 timing reifyNode:node_modules/json5 Completed in 539ms
2672 http fetch GET 200 https://registry.npmjs.org/for-each/-/for-each-0.3.5.tgz 391ms (cache miss)
2673 timing reifyNode:node_modules/for-each Completed in 540ms
2674 http fetch GET 200 https://registry.npmjs.org/thenify-all/-/thenify-all-1.6.0.tgz 416ms (cache miss)
2675 timing reifyNode:node_modules/thenify-all Completed in 569ms
2676 http fetch GET 200 https://registry.npmjs.org/thenify/-/thenify-3.3.1.tgz 417ms (cache miss)
2677 timing reifyNode:node_modules/thenify Completed in 569ms
2678 http fetch GET 200 https://registry.npmjs.org/any-promise/-/any-promise-1.3.0.tgz 416ms (cache miss)
2679 http fetch GET 200 https://registry.npmjs.org/pirates/-/pirates-4.0.7.tgz 415ms (cache miss)
2680 timing reifyNode:node_modules/pirates Completed in 570ms
2681 http fetch GET 200 https://registry.npmjs.org/@types/json5/-/json5-0.0.29.tgz 421ms (cache miss)
2682 timing reifyNode:node_modules/@types/json5 Completed in 573ms
2683 timing reifyNode:node_modules/any-promise Completed in 577ms
2684 http fetch GET 200 https://registry.npmjs.org/@jridgewell/resolve-uri/-/resolve-uri-3.1.2.tgz 424ms (cache miss)
2685 timing reifyNode:node_modules/@jridgewell/resolve-uri Completed in 578ms
2686 http fetch GET 200 https://registry.npmjs.org/@emnapi/core/-/core-1.10.0.tgz 436ms (cache miss)
2687 timing reifyNode:node_modules/@emnapi/core Completed in 581ms
2688 http fetch GET 200 https://registry.npmjs.org/mz/-/mz-2.7.0.tgz 422ms (cache miss)
2689 timing reifyNode:node_modules/mz Completed in 580ms
2690 http fetch GET 200 https://registry.npmjs.org/lines-and-columns/-/lines-and-columns-1.2.4.tgz 424ms (cache miss)
2691 timing reifyNode:node_modules/lines-and-columns Completed in 581ms
2692 http fetch GET 200 https://registry.npmjs.org/@jridgewell/trace-mapping/-/trace-mapping-0.3.31.tgz 427ms (cache miss)
2693 timing reifyNode:node_modules/@jridgewell/trace-mapping Completed in 583ms
2694 http fetch GET 200 https://registry.npmjs.org/ts-interface-checker/-/ts-interface-checker-0.1.13.tgz 438ms (cache miss)
2695 timing reifyNode:node_modules/ts-interface-checker Completed in 594ms
2696 http fetch GET 200 https://registry.npmjs.org/cssesc/-/cssesc-3.0.0.tgz 439ms (cache miss)
2697 timing reifyNode:node_modules/cssesc Completed in 599ms
2698 http fetch GET 200 https://registry.npmjs.org/camelcase-css/-/camelcase-css-2.0.1.tgz 439ms (cache miss)
2699 timing reifyNode:node_modules/camelcase-css Completed in 600ms
2700 http fetch GET 200 https://registry.npmjs.org/merge2/-/merge2-1.4.1.tgz 440ms (cache miss)
2701 timing reifyNode:node_modules/merge2 Completed in 603ms
2702 http fetch GET 200 https://registry.npmjs.org/commander/-/commander-4.1.1.tgz 444ms (cache miss)
2703 timing reifyNode:node_modules/commander Completed in 603ms
2704 http fetch GET 200 https://registry.npmjs.org/util-deprecate/-/util-deprecate-1.0.2.tgz 445ms (cache miss)
2705 timing reifyNode:node_modules/util-deprecate Completed in 606ms
2706 http fetch GET 200 https://registry.npmjs.org/read-cache/-/read-cache-1.0.0.tgz 446ms (cache miss)
2707 timing reifyNode:node_modules/read-cache Completed in 610ms
2708 http fetch GET 200 https://registry.npmjs.org/to-regex-range/-/to-regex-range-5.0.1.tgz 450ms (cache miss)
2709 timing reifyNode:node_modules/to-regex-range Completed in 612ms
2710 http fetch GET 200 https://registry.npmjs.org/pify/-/pify-2.3.0.tgz 455ms (cache miss)
2711 timing reifyNode:node_modules/pify Completed in 619ms
2712 http fetch GET 200 https://registry.npmjs.org/readdirp/-/readdirp-3.6.0.tgz 455ms (cache miss)
2713 timing reifyNode:node_modules/readdirp Completed in 619ms
2714 http fetch GET 200 https://registry.npmjs.org/picomatch/-/picomatch-2.3.2.tgz 454ms (cache miss)
2715 timing reifyNode:node_modules/picomatch Completed in 620ms
2716 http fetch GET 200 https://registry.npmjs.org/@jridgewell/sourcemap-codec/-/sourcemap-codec-1.5.5.tgz 467ms (cache miss)
2717 timing reifyNode:node_modules/@jridgewell/sourcemap-codec Completed in 628ms
2718 http fetch GET 200 https://registry.npmjs.org/@jridgewell/gen-mapping/-/gen-mapping-0.3.13.tgz 469ms (cache miss)
2719 timing reifyNode:node_modules/@jridgewell/gen-mapping Completed in 629ms
2720 http fetch GET 200 https://registry.npmjs.org/is-binary-path/-/is-binary-path-2.1.0.tgz 464ms (cache miss)
2721 timing reifyNode:node_modules/is-binary-path Completed in 629ms
2722 http fetch GET 200 https://registry.npmjs.org/braces/-/braces-3.0.3.tgz 467ms (cache miss)
2723 timing reifyNode:node_modules/braces Completed in 634ms
2724 http fetch GET 200 https://registry.npmjs.org/fsevents/-/fsevents-2.3.3.tgz 468ms (cache miss)
2725 timing reifyNode:node_modules/fsevents Completed in 634ms
2726 http fetch GET 200 https://registry.npmjs.org/anymatch/-/anymatch-3.1.3.tgz 476ms (cache miss)
2727 timing reifyNode:node_modules/anymatch Completed in 643ms
2728 http fetch GET 200 https://registry.npmjs.org/normalize-path/-/normalize-path-3.0.0.tgz 474ms (cache miss)
2729 timing reifyNode:node_modules/normalize-path Completed in 644ms
2730 http fetch GET 200 https://registry.npmjs.org/postcss-js/-/postcss-js-4.1.0.tgz 486ms (cache miss)
2731 timing reifyNode:node_modules/postcss-js Completed in 655ms
2732 http fetch GET 200 https://registry.npmjs.org/micromatch/-/micromatch-4.0.8.tgz 486ms (cache miss)
2733 timing reifyNode:node_modules/micromatch Completed in 657ms
2734 http fetch GET 200 https://registry.npmjs.org/postcss-load-config/-/postcss-load-config-6.0.1.tgz 489ms (cache miss)
2735 timing reifyNode:node_modules/postcss-load-config Completed in 658ms
2736 http fetch GET 200 https://registry.npmjs.org/postcss-nested/-/postcss-nested-6.2.0.tgz 491ms (cache miss)
2737 timing reifyNode:node_modules/postcss-nested Completed in 659ms
2738 http fetch GET 200 https://registry.npmjs.org/object-hash/-/object-hash-3.0.0.tgz 489ms (cache miss)
2739 timing reifyNode:node_modules/object-hash Completed in 660ms
2740 http fetch GET 200 https://registry.npmjs.org/postcss-selector-parser/-/postcss-selector-parser-6.1.2.tgz 495ms (cache miss)
2741 timing reifyNode:node_modules/postcss-selector-parser Completed in 664ms
2742 http fetch GET 200 https://registry.npmjs.org/postcss-import/-/postcss-import-15.1.0.tgz 497ms (cache miss)
2743 timing reifyNode:node_modules/postcss-import Completed in 667ms
2744 http fetch GET 200 https://registry.npmjs.org/lilconfig/-/lilconfig-3.1.3.tgz 506ms (cache miss)
2745 timing reifyNode:node_modules/lilconfig Completed in 679ms
2746 http fetch GET 200 https://registry.npmjs.org/didyoumean/-/didyoumean-1.2.2.tgz 508ms (cache miss)
2747 timing reifyNode:node_modules/didyoumean Completed in 682ms
2748 http fetch GET 200 https://registry.npmjs.org/dlv/-/dlv-1.1.3.tgz 510ms (cache miss)
2749 timing reifyNode:node_modules/dlv Completed in 685ms
2750 http fetch GET 200 https://registry.npmjs.org/arg/-/arg-5.0.2.tgz 509ms (cache miss)
2751 timing reifyNode:node_modules/arg Completed in 685ms
2752 http fetch GET 200 https://registry.npmjs.org/chokidar/-/chokidar-3.6.0.tgz 523ms (cache miss)
2753 timing reifyNode:node_modules/chokidar Completed in 698ms
2754 http fetch GET 200 https://registry.npmjs.org/has-flag/-/has-flag-4.0.0.tgz 523ms (cache miss)
2755 timing reifyNode:node_modules/has-flag Completed in 700ms
2756 http fetch GET 200 https://registry.npmjs.org/ansi-regex/-/ansi-regex-5.0.1.tgz 522ms (cache miss)
2757 timing reifyNode:node_modules/ansi-regex Completed in 700ms
2758 http fetch GET 200 https://registry.npmjs.org/client-only/-/client-only-0.0.1.tgz 522ms (cache miss)
2759 timing reifyNode:node_modules/client-only Completed in 700ms
2760 http fetch GET 200 https://registry.npmjs.org/@alloc/quick-lru/-/quick-lru-5.2.0.tgz 528ms (cache miss)
2761 timing reifyNode:node_modules/@alloc/quick-lru Completed in 705ms
2762 http fetch GET 200 https://registry.npmjs.org/is-fullwidth-code-point/-/is-fullwidth-code-point-3.0.0.tgz 526ms (cache miss)
2763 timing reifyNode:node_modules/is-fullwidth-code-point Completed in 705ms
2764 http fetch GET 200 https://registry.npmjs.org/fast-glob/-/fast-glob-3.3.3.tgz 535ms (cache miss)
2765 timing reifyNode:node_modules/fast-glob Completed in 709ms
2766 http fetch GET 200 https://registry.npmjs.org/sucrase/-/sucrase-3.35.1.tgz 545ms (cache miss)
2767 timing reifyNode:node_modules/sucrase Completed in 712ms
2768 http fetch GET 200 https://registry.npmjs.org/side-channel-weakmap/-/side-channel-weakmap-1.0.2.tgz 538ms (cache miss)
2769 timing reifyNode:node_modules/side-channel-weakmap Completed in 717ms
2770 http fetch GET 200 https://registry.npmjs.org/side-channel-list/-/side-channel-list-1.0.1.tgz 540ms (cache miss)
2771 timing reifyNode:node_modules/side-channel-list Completed in 722ms
2772 http fetch GET 200 https://registry.npmjs.org/isarray/-/isarray-2.0.5.tgz 546ms (cache miss)
2773 timing reifyNode:node_modules/isarray Completed in 727ms
2774 http fetch GET 200 https://registry.npmjs.org/side-channel-map/-/side-channel-map-1.0.1.tgz 548ms (cache miss)
2775 http fetch GET 200 https://registry.npmjs.org/shebang-regex/-/shebang-regex-3.0.0.tgz 548ms (cache miss)
2776 timing reifyNode:node_modules/shebang-regex Completed in 729ms
2777 http fetch GET 200 https://registry.npmjs.org/eastasianwidth/-/eastasianwidth-0.2.0.tgz 546ms (cache miss)
2778 timing reifyNode:node_modules/eastasianwidth Completed in 729ms
2779 timing reifyNode:node_modules/side-channel-map Completed in 729ms
2780 http fetch GET 200 https://registry.npmjs.org/queue-microtask/-/queue-microtask-1.2.3.tgz 556ms (cache miss)
2781 timing reifyNode:node_modules/queue-microtask Completed in 737ms
2782 http fetch GET 200 https://registry.npmjs.org/protocol-buffers-schema/-/protocol-buffers-schema-3.6.1.tgz 563ms (cache miss)
2783 http fetch GET 200 https://registry.npmjs.org/supports-preserve-symlinks-flag/-/supports-preserve-symlinks-flag-1.0.0.tgz 563ms (cache miss)
2784 timing reifyNode:node_modules/supports-preserve-symlinks-flag Completed in 746ms
2785 timing reifyNode:node_modules/protocol-buffers-schema Completed in 750ms
2786 http fetch GET 200 https://registry.npmjs.org/path-parse/-/path-parse-1.0.7.tgz 566ms (cache miss)
2787 timing reifyNode:node_modules/path-parse Completed in 750ms
2788 http fetch GET 200 https://registry.npmjs.org/use-sidecar/-/use-sidecar-1.1.3.tgz 564ms (cache miss)
2789 timing reifyNode:node_modules/use-sidecar Completed in 753ms
2790 http fetch GET 200 https://registry.npmjs.org/react-remove-scroll-bar/-/react-remove-scroll-bar-2.3.8.tgz 566ms (cache miss)
2791 http fetch GET 200 https://registry.npmjs.org/use-callback-ref/-/use-callback-ref-1.3.3.tgz 571ms (cache miss)
2792 timing reifyNode:node_modules/use-callback-ref Completed in 762ms
2793 http fetch GET 200 https://registry.npmjs.org/get-nonce/-/get-nonce-1.0.1.tgz 572ms (cache miss)
2794 timing reifyNode:node_modules/react-remove-scroll-bar Completed in 763ms
2795 timing reifyNode:node_modules/get-nonce Completed in 763ms
2796 http fetch GET 200 https://registry.npmjs.org/react-is/-/react-is-16.13.1.tgz 571ms (cache miss)
2797 timing reifyNode:node_modules/react-is Completed in 763ms
2798 http fetch GET 200 https://registry.npmjs.org/js-tokens/-/js-tokens-4.0.0.tgz 571ms (cache miss)
2799 timing reifyNode:node_modules/js-tokens Completed in 763ms
2800 http fetch GET 200 https://registry.npmjs.org/node-exports-info/-/node-exports-info-1.6.0.tgz 591ms (cache miss)
2801 http fetch GET 200 https://registry.npmjs.org/scheduler/-/scheduler-0.23.2.tgz 587ms (cache miss)
2802 timing reifyNode:node_modules/scheduler Completed in 780ms
2803 timing reifyNode:node_modules/node-exports-info Completed in 780ms
2804 http fetch GET 200 https://registry.npmjs.org/loose-envify/-/loose-envify-1.4.0.tgz 598ms (cache miss)
2805 timing reifyNode:node_modules/loose-envify Completed in 792ms
2806 http fetch GET 200 https://registry.npmjs.org/object-assign/-/object-assign-4.1.1.tgz 599ms (cache miss)
2807 timing reifyNode:node_modules/object-assign Completed in 793ms
2808 http fetch GET 200 https://registry.npmjs.org/fill-range/-/fill-range-7.1.1.tgz 600ms (cache miss)
2809 timing reifyNode:node_modules/fill-range Completed in 795ms
2810 http fetch GET 200 https://registry.npmjs.org/yocto-queue/-/yocto-queue-0.1.0.tgz 648ms (cache miss)
2811 timing reifyNode:node_modules/yocto-queue Completed in 844ms
2812 http fetch GET 200 https://registry.npmjs.org/p-limit/-/p-limit-3.1.0.tgz 646ms (cache miss)
2813 timing reifyNode:node_modules/p-limit Completed in 844ms
2814 http fetch GET 200 https://registry.npmjs.org/callsites/-/callsites-3.1.0.tgz 649ms (cache miss)
2815 timing reifyNode:node_modules/callsites Completed in 845ms
2816 http fetch GET 200 https://registry.npmjs.org/fast-levenshtein/-/fast-levenshtein-2.0.6.tgz 649ms (cache miss)
2817 timing reifyNode:node_modules/fast-levenshtein Completed in 848ms
2818 http fetch GET 200 https://registry.npmjs.org/resolve-protobuf-schema/-/resolve-protobuf-schema-2.1.0.tgz 653ms (cache miss)
2819 timing reifyNode:node_modules/resolve-protobuf-schema Completed in 848ms
2820 http fetch GET 200 https://registry.npmjs.org/word-wrap/-/word-wrap-1.2.5.tgz 651ms (cache miss)
2821 timing reifyNode:node_modules/word-wrap Completed in 848ms
2822 http fetch GET 200 https://registry.npmjs.org/nanoid/-/nanoid-3.3.12.tgz 655ms (cache miss)
2823 timing reifyNode:node_modules/nanoid Completed in 857ms
2824 http fetch GET 200 https://registry.npmjs.org/deep-is/-/deep-is-0.1.4.tgz 669ms (cache miss)
2825 timing reifyNode:node_modules/deep-is Completed in 869ms
2826 http fetch GET 200 https://registry.npmjs.org/lru-cache/-/lru-cache-10.4.3.tgz 694ms (cache miss)
2827 timing reifyNode:node_modules/lru-cache Completed in 889ms
2828 http fetch GET 200 https://registry.npmjs.org/@swc/counter/-/counter-0.1.3.tgz 694ms (cache miss)
2829 timing reifyNode:node_modules/@swc/counter Completed in 895ms
2830 http fetch GET 200 https://registry.npmjs.org/source-map-js/-/source-map-js-1.2.1.tgz 699ms (cache miss)
2831 timing reifyNode:node_modules/source-map-js Completed in 898ms
2832 http fetch GET 200 https://registry.npmjs.org/concat-map/-/concat-map-0.0.1.tgz 721ms (cache miss)
2833 timing reifyNode:node_modules/concat-map Completed in 928ms
2834 http fetch GET 200 https://registry.npmjs.org/balanced-match/-/balanced-match-1.0.2.tgz 727ms (cache miss)
2835 timing reifyNode:node_modules/balanced-match Completed in 935ms
2836 http fetch GET 200 https://registry.npmjs.org/json-stringify-pretty-compact/-/json-stringify-pretty-compact-4.0.0.tgz 728ms (cache miss)
2837 timing reifyNode:node_modules/json-stringify-pretty-compact Completed in 935ms
2838 http fetch GET 200 https://registry.npmjs.org/streamsearch/-/streamsearch-1.1.0.tgz 732ms (cache miss)
2839 timing reifyNode:node_modules/streamsearch Completed in 938ms
2840 http fetch GET 200 https://registry.npmjs.org/tinyqueue/-/tinyqueue-3.0.0.tgz 734ms (cache miss)
2841 timing reifyNode:node_modules/tinyqueue Completed in 942ms
2842 http fetch GET 200 https://registry.npmjs.org/quickselect/-/quickselect-3.0.0.tgz 735ms (cache miss)
2843 timing reifyNode:node_modules/quickselect Completed in 944ms
2844 http fetch GET 200 https://registry.npmjs.org/busboy/-/busboy-1.6.0.tgz 740ms (cache miss)
2845 http fetch GET 200 https://registry.npmjs.org/graceful-fs/-/graceful-fs-4.2.11.tgz 737ms (cache miss)
2846 timing reifyNode:node_modules/graceful-fs Completed in 944ms
2847 timing reifyNode:node_modules/busboy Completed in 945ms
2848 http fetch GET 200 https://registry.npmjs.org/potpack/-/potpack-2.1.0.tgz 740ms (cache miss)
2849 timing reifyNode:node_modules/potpack Completed in 948ms
2850 http fetch GET 200 https://registry.npmjs.org/@napi-rs/wasm-runtime/-/wasm-runtime-0.2.12.tgz 803ms (cache miss)
2851 timing reifyNode:node_modules/@napi-rs/wasm-runtime Completed in 952ms
2852 http fetch GET 200 https://registry.npmjs.org/murmurhash-js/-/murmurhash-js-1.0.0.tgz 754ms (cache miss)
2853 timing reifyNode:node_modules/murmurhash-js Completed in 962ms
2854 http fetch GET 200 https://registry.npmjs.org/kdbush/-/kdbush-4.0.2.tgz 760ms (cache miss)
2855 timing reifyNode:node_modules/kdbush Completed in 969ms
2856 http fetch GET 200 https://registry.npmjs.org/react-style-singleton/-/react-style-singleton-2.2.3.tgz 762ms (cache miss)
2857 timing reifyNode:node_modules/react-style-singleton Completed in 972ms
2858 http fetch GET 200 https://registry.npmjs.org/pbf/-/pbf-4.0.1.tgz 766ms (cache miss)
2859 timing reifyNode:node_modules/pbf Completed in 975ms
2860 http fetch GET 200 https://registry.npmjs.org/supercluster/-/supercluster-8.0.1.tgz 767ms (cache miss)
2861 timing reifyNode:node_modules/supercluster Completed in 976ms
2862 http fetch GET 200 https://registry.npmjs.org/minimist/-/minimist-1.2.8.tgz 780ms (cache miss)
2863 timing reifyNode:node_modules/minimist Completed in 991ms
2864 http fetch GET 200 https://registry.npmjs.org/earcut/-/earcut-3.0.2.tgz 794ms (cache miss)
2865 timing reifyNode:node_modules/earcut Completed in 1005ms
2866 http fetch GET 200 https://registry.npmjs.org/@swc/helpers/-/helpers-0.5.5.tgz 802ms (cache miss)
2867 timing reifyNode:node_modules/@swc/helpers Completed in 1007ms
2868 http fetch GET 200 https://registry.npmjs.org/@mapbox/unitbezier/-/unitbezier-0.0.1.tgz 802ms (cache miss)
2869 timing reifyNode:node_modules/@mapbox/unitbezier Completed in 1013ms
2870 http fetch GET 200 https://registry.npmjs.org/styled-jsx/-/styled-jsx-5.1.1.tgz 812ms (cache miss)
2871 timing reifyNode:node_modules/styled-jsx Completed in 1016ms
2872 http fetch GET 200 https://registry.npmjs.org/binary-extensions/-/binary-extensions-2.3.0.tgz 834ms (cache miss)
2873 timing reifyNode:node_modules/binary-extensions Completed in 1050ms
2874 http fetch GET 200 https://registry.npmjs.org/p-locate/-/p-locate-5.0.0.tgz 842ms (cache miss)
2875 timing reifyNode:node_modules/p-locate Completed in 1055ms
2876 http fetch GET 200 https://registry.npmjs.org/type-check/-/type-check-0.4.0.tgz 872ms (cache miss)
2877 timing reifyNode:node_modules/type-check Completed in 1085ms
2878 http fetch GET 200 https://registry.npmjs.org/jiti/-/jiti-1.21.7.tgz 924ms (cache miss)
2879 timing reifyNode:node_modules/jiti Completed in 1097ms
2880 http fetch GET 200 https://registry.npmjs.org/prelude-ls/-/prelude-ls-1.2.1.tgz 885ms (cache miss)
2881 timing reifyNode:node_modules/prelude-ls Completed in 1098ms
2882 http fetch GET 200 https://registry.npmjs.org/gl-matrix/-/gl-matrix-3.4.4.tgz 925ms (cache miss)
2883 timing reifyNode:node_modules/gl-matrix Completed in 1135ms
2884 http fetch GET 200 https://registry.npmjs.org/is-number/-/is-number-7.0.0.tgz 937ms (cache miss)
2885 timing reifyNode:node_modules/is-number Completed in 1154ms
2886 http fetch GET 200 https://registry.npmjs.org/@next/env/-/env-14.2.35.tgz 947ms (cache miss)
2887 timing reifyNode:node_modules/@next/env Completed in 1152ms
2888 http fetch GET 200 https://registry.npmjs.org/json-buffer/-/json-buffer-3.0.1.tgz 938ms (cache miss)
2889 timing reifyNode:node_modules/json-buffer Completed in 1152ms
2890 http fetch GET 200 https://registry.npmjs.org/language-subtag-registry/-/language-subtag-registry-0.3.23.tgz 980ms (cache miss)
2891 timing reifyNode:node_modules/language-subtag-registry Completed in 1194ms
2892 http fetch GET 200 https://registry.npmjs.org/wrap-ansi/-/wrap-ansi-8.1.0.tgz 978ms (cache miss)
2893 timing reifyNode:node_modules/wrap-ansi Completed in 1194ms
2894 http fetch GET 200 https://registry.npmjs.org/strip-ansi/-/strip-ansi-6.0.1.tgz 981ms (cache miss)
2895 timing reifyNode:node_modules/strip-ansi-cjs Completed in 1197ms
2896 http fetch GET 200 https://registry.npmjs.org/wrap-ansi/-/wrap-ansi-7.0.0.tgz 982ms (cache miss)
2897 timing reifyNode:node_modules/wrap-ansi-cjs Completed in 1199ms
2898 http fetch GET 200 https://registry.npmjs.org/argparse/-/argparse-2.0.1.tgz 1007ms (cache miss)
2899 timing reifyNode:node_modules/argparse Completed in 1221ms
2900 http fetch GET 200 https://registry.npmjs.org/string-width/-/string-width-5.1.2.tgz 1010ms (cache miss)
2901 timing reifyNode:node_modules/string-width Completed in 1227ms
2902 http fetch GET 200 https://registry.npmjs.org/string-width/-/string-width-4.2.3.tgz 1012ms (cache miss)
2903 timing reifyNode:node_modules/string-width-cjs Completed in 1230ms
2904 http fetch GET 200 https://registry.npmjs.org/set-function-name/-/set-function-name-2.0.2.tgz 1024ms (cache miss)
2905 timing reifyNode:node_modules/set-function-name Completed in 1240ms
2906 http fetch GET 200 https://registry.npmjs.org/is-extglob/-/is-extglob-2.1.1.tgz 1044ms (cache miss)
2907 timing reifyNode:node_modules/is-extglob Completed in 1261ms
2908 http fetch GET 200 https://registry.npmjs.org/@mapbox/point-geometry/-/point-geometry-1.1.0.tgz 1051ms (cache miss)
2909 timing reifyNode:node_modules/@mapbox/point-geometry Completed in 1262ms
2910 http fetch GET 200 https://registry.npmjs.org/@pkgjs/parseargs/-/parseargs-0.11.0.tgz 1045ms (cache miss)
2911 timing reifyNode:node_modules/@pkgjs/parseargs Completed in 1263ms
2912 http fetch GET 200 https://registry.npmjs.org/@mapbox/tiny-sdf/-/tiny-sdf-2.2.0.tgz 1056ms (cache miss)
2913 timing reifyNode:node_modules/@mapbox/tiny-sdf Completed in 1267ms
2914 http fetch GET 200 https://registry.npmjs.org/parent-module/-/parent-module-1.0.1.tgz 1051ms (cache miss)
2915 timing reifyNode:node_modules/parent-module Completed in 1268ms
2916 http fetch GET 200 https://registry.npmjs.org/@isaacs/cliui/-/cliui-8.0.2.tgz 1056ms (cache miss)
2917 timing reifyNode:node_modules/@isaacs/cliui Completed in 1273ms
2918 http fetch GET 200 https://registry.npmjs.org/@mapbox/jsonlint-lines-primitives/-/jsonlint-lines-primitives-2.0.2.tgz 1074ms (cache miss)
2919 timing reifyNode:node_modules/@mapbox/jsonlint-lines-primitives Completed in 1286ms
2920 http fetch GET 200 https://registry.npmjs.org/side-channel/-/side-channel-1.1.0.tgz 1075ms (cache miss)
2921 timing reifyNode:node_modules/side-channel Completed in 1293ms
2922 http fetch GET 200 https://registry.npmjs.org/resolve-from/-/resolve-from-4.0.0.tgz 1093ms (cache miss)
2923 timing reifyNode:node_modules/resolve-from Completed in 1310ms
2924 http fetch GET 200 https://registry.npmjs.org/@mapbox/vector-tile/-/vector-tile-2.0.4.tgz 1099ms (cache miss)
2925 timing reifyNode:node_modules/@mapbox/vector-tile Completed in 1311ms
2926 http fetch GET 200 https://registry.npmjs.org/brace-expansion/-/brace-expansion-1.1.14.tgz 1093ms (cache miss)
2927 timing reifyNode:node_modules/brace-expansion Completed in 1312ms
2928 http fetch GET 200 https://registry.npmjs.org/@unrs/resolver-binding-darwin-arm64/-/resolver-binding-darwin-arm64-1.11.1.tgz 1169ms (cache miss)
2929 timing reifyNode:node_modules/@unrs/resolver-binding-darwin-arm64 Completed in 1315ms
2930 http fetch GET 200 https://registry.npmjs.org/signal-exit/-/signal-exit-4.1.0.tgz 1099ms (cache miss)
2931 timing reifyNode:node_modules/signal-exit Completed in 1319ms
2932 http fetch GET 200 https://registry.npmjs.org/foreground-child/-/foreground-child-3.3.1.tgz 1112ms (cache miss)
2933 timing reifyNode:node_modules/foreground-child Completed in 1331ms
2934 http fetch GET 200 https://registry.npmjs.org/path-scurry/-/path-scurry-1.11.1.tgz 1114ms (cache miss)
2935 timing reifyNode:node_modules/path-scurry Completed in 1332ms
2936 http fetch GET 200 https://registry.npmjs.org/flatted/-/flatted-3.4.2.tgz 1139ms (cache miss)
2937 timing reifyNode:node_modules/flatted Completed in 1359ms
2938 http fetch GET 200 https://registry.npmjs.org/rimraf/-/rimraf-3.0.2.tgz 1148ms (cache miss)
2939 warn deprecated rimraf@3.0.2: Rimraf versions prior to v4 are no longer supported
2940 timing reifyNode:node_modules/rimraf Completed in 1367ms
2941 http fetch GET 200 https://registry.npmjs.org/functions-have-names/-/functions-have-names-1.2.3.tgz 1148ms (cache miss)
2942 timing reifyNode:node_modules/functions-have-names Completed in 1367ms
2943 http fetch GET 200 https://registry.npmjs.org/keyv/-/keyv-4.5.4.tgz 1149ms (cache miss)
2944 timing reifyNode:node_modules/keyv Completed in 1369ms
2945 http fetch GET 200 https://registry.npmjs.org/resolve-pkg-maps/-/resolve-pkg-maps-1.0.0.tgz 1157ms (cache miss)
2946 timing reifyNode:node_modules/resolve-pkg-maps Completed in 1376ms
2947 http fetch GET 200 https://registry.npmjs.org/path-exists/-/path-exists-4.0.0.tgz 1156ms (cache miss)
2948 timing reifyNode:node_modules/path-exists Completed in 1376ms
2949 http fetch GET 200 https://registry.npmjs.org/locate-path/-/locate-path-6.0.0.tgz 1156ms (cache miss)
2950 timing reifyNode:node_modules/locate-path Completed in 1376ms
2951 http fetch GET 200 https://registry.npmjs.org/jackspeak/-/jackspeak-2.3.6.tgz 1161ms (cache miss)
2952 timing reifyNode:node_modules/jackspeak Completed in 1379ms
2953 http fetch GET 200 https://registry.npmjs.org/@maplibre/vt-pbf/-/vt-pbf-4.3.0.tgz 1211ms (cache miss)
2954 timing reifyNode:node_modules/@maplibre/vt-pbf Completed in 1422ms
2955 http fetch GET 200 https://registry.npmjs.org/@maplibre/mlt/-/mlt-1.1.9.tgz 1223ms (cache miss)
2956 timing reifyNode:node_modules/@maplibre/mlt Completed in 1433ms
2957 http fetch GET 200 https://registry.npmjs.org/@maplibre/geojson-vt/-/geojson-vt-6.1.0.tgz 1223ms (cache miss)
2958 timing reifyNode:node_modules/@maplibre/geojson-vt Completed in 1434ms
2959 http fetch GET 200 https://registry.npmjs.org/minipass/-/minipass-7.1.3.tgz 1224ms (cache miss)
2960 timing reifyNode:node_modules/minipass Completed in 1443ms
2961 http fetch GET 200 https://registry.npmjs.org/flat-cache/-/flat-cache-3.2.0.tgz 1223ms (cache miss)
2962 timing reifyNode:node_modules/flat-cache Completed in 1443ms
2963 http fetch GET 200 https://registry.npmjs.org/reusify/-/reusify-1.1.0.tgz 1236ms (cache miss)
2964 timing reifyNode:node_modules/reusify Completed in 1459ms
2965 http fetch GET 200 https://registry.npmjs.org/iterator.prototype/-/iterator.prototype-1.1.5.tgz 1255ms (cache miss)
2966 http fetch GET 200 https://registry.npmjs.org/acorn-jsx/-/acorn-jsx-5.3.2.tgz 1256ms (cache miss)
2967 timing reifyNode:node_modules/acorn-jsx Completed in 1477ms
2968 http fetch GET 200 https://registry.npmjs.org/string.prototype.repeat/-/string.prototype.repeat-1.0.0.tgz 1255ms (cache miss)
2969 timing reifyNode:node_modules/iterator.prototype Completed in 1478ms
2970 http fetch GET 200 https://registry.npmjs.org/prop-types/-/prop-types-15.8.1.tgz 1255ms (cache miss)
2971 timing reifyNode:node_modules/prop-types Completed in 1478ms
2972 http fetch GET 200 https://registry.npmjs.org/esrecurse/-/esrecurse-4.3.0.tgz 1257ms (cache miss)
2973 timing reifyNode:node_modules/esrecurse Completed in 1478ms
2974 timing reifyNode:node_modules/string.prototype.repeat Completed in 1478ms
2975 http fetch GET 200 https://registry.npmjs.org/estraverse/-/estraverse-5.3.0.tgz 1255ms (cache miss)
2976 timing reifyNode:node_modules/estraverse Completed in 1478ms
2977 http fetch GET 200 https://registry.npmjs.org/string.prototype.matchall/-/string.prototype.matchall-4.0.12.tgz 1277ms (cache miss)
2978 http fetch GET 200 https://registry.npmjs.org/object.entries/-/object.entries-1.1.9.tgz 1286ms (cache miss)
2979 timing reifyNode:node_modules/string.prototype.matchall Completed in 1509ms
2980 http fetch GET 200 https://registry.npmjs.org/array.prototype.tosorted/-/array.prototype.tosorted-1.1.4.tgz 1288ms (cache miss)
2981 timing reifyNode:node_modules/object.entries Completed in 1512ms
2982 timing reifyNode:node_modules/array.prototype.tosorted Completed in 1514ms
2983 http fetch GET 200 https://registry.npmjs.org/acorn/-/acorn-8.16.0.tgz 1294ms (cache miss)
2984 timing reifyNode:node_modules/acorn Completed in 1515ms
2985 http fetch GET 200 https://registry.npmjs.org/dunder-proto/-/dunder-proto-1.0.1.tgz 1294ms (cache miss)
2986 timing reifyNode:node_modules/dunder-proto Completed in 1519ms
2987 http fetch GET 200 https://registry.npmjs.org/damerau-levenshtein/-/damerau-levenshtein-1.0.8.tgz 1299ms (cache miss)
2988 timing reifyNode:node_modules/damerau-levenshtein Completed in 1525ms
2989 http fetch GET 200 https://registry.npmjs.org/string.prototype.includes/-/string.prototype.includes-2.0.1.tgz 1302ms (cache miss)
2990 http fetch GET 200 https://registry.npmjs.org/language-tags/-/language-tags-1.0.9.tgz 1301ms (cache miss)
2991 timing reifyNode:node_modules/language-tags Completed in 1526ms
2992 timing reifyNode:node_modules/string.prototype.includes Completed in 1526ms
2993 http fetch GET 200 https://registry.npmjs.org/is-symbol/-/is-symbol-1.1.1.tgz 1312ms (cache miss)
2994 timing reifyNode:node_modules/is-symbol Completed in 1540ms
2995 http fetch GET 200 https://registry.npmjs.org/es-iterator-helpers/-/es-iterator-helpers-1.3.2.tgz 1318ms (cache miss)
2996 timing reifyNode:node_modules/es-iterator-helpers Completed in 1542ms
2997 http fetch GET 200 https://registry.npmjs.org/@types/supercluster/-/supercluster-7.1.3.tgz 1352ms (cache miss)
2998 timing reifyNode:node_modules/@types/supercluster Completed in 1571ms
2999 http fetch GET 200 https://registry.npmjs.org/emoji-regex/-/emoji-regex-9.2.2.tgz 1354ms (cache miss)
3000 timing reifyNode:node_modules/emoji-regex Completed in 1583ms
3001 http fetch GET 200 https://registry.npmjs.org/aria-query/-/aria-query-5.3.2.tgz 1363ms (cache miss)
3002 timing reifyNode:node_modules/aria-query Completed in 1591ms
3003 http fetch GET 200 https://registry.npmjs.org/ast-types-flow/-/ast-types-flow-0.0.8.tgz 1371ms (cache miss)
3004 timing reifyNode:node_modules/ast-types-flow Completed in 1600ms
3005 http fetch GET 200 https://registry.npmjs.org/is-date-object/-/is-date-object-1.1.0.tgz 1388ms (cache miss)
3006 timing reifyNode:node_modules/is-date-object Completed in 1618ms
3007 http fetch GET 200 https://registry.npmjs.org/unbox-primitive/-/unbox-primitive-1.1.0.tgz 1392ms (cache miss)
3008 http fetch GET 200 https://registry.npmjs.org/which-typed-array/-/which-typed-array-1.1.20.tgz 1394ms (cache miss)
3009 timing reifyNode:node_modules/unbox-primitive Completed in 1624ms
3010 timing reifyNode:node_modules/which-typed-array Completed in 1624ms
3011 http fetch GET 200 https://registry.npmjs.org/typed-array-byte-offset/-/typed-array-byte-offset-1.0.4.tgz 1395ms (cache miss)
3012 http fetch GET 200 https://registry.npmjs.org/possible-typed-array-names/-/possible-typed-array-names-1.1.0.tgz 1396ms (cache miss)
3013 timing reifyNode:node_modules/possible-typed-array-names Completed in 1626ms
3014 timing reifyNode:node_modules/typed-array-byte-offset Completed in 1626ms
3015 http fetch GET 200 https://registry.npmjs.org/typed-array-byte-length/-/typed-array-byte-length-1.0.3.tgz 1397ms (cache miss)
3016 timing reifyNode:node_modules/typed-array-byte-length Completed in 1627ms
3017 http fetch GET 200 https://registry.npmjs.org/typed-array-buffer/-/typed-array-buffer-1.0.3.tgz 1400ms (cache miss)
3018 timing reifyNode:node_modules/typed-array-buffer Completed in 1631ms
3019 http fetch GET 200 https://registry.npmjs.org/typed-array-length/-/typed-array-length-1.0.7.tgz 1403ms (cache miss)
3020 timing reifyNode:node_modules/typed-array-length Completed in 1635ms
3021 http fetch GET 200 https://registry.npmjs.org/@mapbox/whoots-js/-/whoots-js-3.1.0.tgz 1406ms (cache miss)
3022 timing reifyNode:node_modules/@mapbox/whoots-js Completed in 1638ms
3023 http fetch GET 200 https://registry.npmjs.org/axobject-query/-/axobject-query-4.1.0.tgz 1412ms (cache miss)
3024 timing reifyNode:node_modules/axobject-query Completed in 1638ms
3025 http fetch GET 200 https://registry.npmjs.org/axe-core/-/axe-core-4.11.4.tgz 1426ms (cache miss)
3026 timing reifyNode:node_modules/axe-core Completed in 1652ms
3027 http fetch GET 200 https://registry.npmjs.org/set-proto/-/set-proto-1.0.0.tgz 1427ms (cache miss)
3028 timing reifyNode:node_modules/set-proto Completed in 1658ms
3029 http fetch GET 200 https://registry.npmjs.org/has-tostringtag/-/has-tostringtag-1.0.2.tgz 1432ms (cache miss)
3030 timing reifyNode:node_modules/has-tostringtag Completed in 1665ms
3031 http fetch GET 200 https://registry.npmjs.org/stop-iteration-iterator/-/stop-iteration-iterator-1.1.0.tgz 1435ms (cache miss)
3032 timing reifyNode:node_modules/stop-iteration-iterator Completed in 1668ms
3033 http fetch GET 200 https://registry.npmjs.org/own-keys/-/own-keys-1.0.1.tgz 1436ms (cache miss)
3034 http fetch GET 200 https://registry.npmjs.org/string.prototype.trimstart/-/string.prototype.trimstart-1.0.8.tgz 1444ms (cache miss)
3035 timing reifyNode:node_modules/string.prototype.trimstart Completed in 1675ms
3036 http fetch GET 200 https://registry.npmjs.org/safe-regex-test/-/safe-regex-test-1.1.0.tgz 1443ms (cache miss)
3037 timing reifyNode:node_modules/safe-regex-test Completed in 1675ms
3038 timing reifyNode:node_modules/own-keys Completed in 1675ms
3039 http fetch GET 200 https://registry.npmjs.org/object.assign/-/object.assign-4.1.7.tgz 1440ms (cache miss)
3040 timing reifyNode:node_modules/object.assign Completed in 1678ms
3041 http fetch GET 200 https://registry.npmjs.org/safe-array-concat/-/safe-array-concat-1.1.4.tgz 1440ms (cache miss)
3042 timing reifyNode:node_modules/safe-array-concat Completed in 1678ms
3043 http fetch GET 200 https://registry.npmjs.org/object-inspect/-/object-inspect-1.13.4.tgz 1441ms (cache miss)
3044 timing reifyNode:node_modules/object-inspect Completed in 1679ms
3045 http fetch GET 200 https://registry.npmjs.org/array.prototype.findlast/-/array.prototype.findlast-1.2.5.tgz 1463ms (cache miss)
3046 http fetch GET 200 https://registry.npmjs.org/is-weakref/-/is-weakref-1.1.1.tgz 1449ms (cache miss)
3047 timing reifyNode:node_modules/is-weakref Completed in 1689ms
3048 timing reifyNode:node_modules/array.prototype.findlast Completed in 1689ms
3049 http fetch GET 200 https://registry.npmjs.org/is-regex/-/is-regex-1.2.1.tgz 1506ms (cache miss)
3050 http fetch GET 200 https://registry.npmjs.org/safe-push-apply/-/safe-push-apply-1.0.0.tgz 1507ms (cache miss)
3051 timing reifyNode:node_modules/safe-push-apply Completed in 1747ms
3052 timing reifyNode:node_modules/is-regex Completed in 1747ms
3053 http fetch GET 200 https://registry.npmjs.org/is-negative-zero/-/is-negative-zero-2.0.3.tgz 1509ms (cache miss)
3054 timing reifyNode:node_modules/is-negative-zero Completed in 1750ms
3055 http fetch GET 200 https://registry.npmjs.org/is-shared-array-buffer/-/is-shared-array-buffer-1.0.4.tgz 1512ms (cache miss)
3056 timing reifyNode:node_modules/is-shared-array-buffer Completed in 1752ms
3057 http fetch GET 200 https://registry.npmjs.org/is-typed-array/-/is-typed-array-1.1.15.tgz 1515ms (cache miss)
3058 timing reifyNode:node_modules/is-typed-array Completed in 1754ms
3059 http fetch GET 200 https://registry.npmjs.org/is-data-view/-/is-data-view-1.0.2.tgz 1514ms (cache miss)
3060 timing reifyNode:node_modules/is-data-view Completed in 1757ms
3061 http fetch GET 200 https://registry.npmjs.org/is-array-buffer/-/is-array-buffer-3.0.5.tgz 1516ms (cache miss)
3062 timing reifyNode:node_modules/is-array-buffer Completed in 1758ms
3063 http fetch GET 200 https://registry.npmjs.org/string.prototype.trim/-/string.prototype.trim-1.2.10.tgz 1520ms (cache miss)
3064 http fetch GET 200 https://registry.npmjs.org/has-proto/-/has-proto-1.2.0.tgz 1519ms (cache miss)
3065 http fetch GET 200 https://registry.npmjs.org/is-callable/-/is-callable-1.2.7.tgz 1520ms (cache miss)
3066 timing reifyNode:node_modules/is-callable Completed in 1761ms
3067 http fetch GET 200 https://registry.npmjs.org/has-symbols/-/has-symbols-1.1.0.tgz 1520ms (cache miss)
3068 timing reifyNode:node_modules/has-proto Completed in 1761ms
3069 timing reifyNode:node_modules/string.prototype.trim Completed in 1762ms
3070 timing reifyNode:node_modules/has-symbols Completed in 1762ms
3071 http fetch GET 200 https://registry.npmjs.org/internal-slot/-/internal-slot-1.1.0.tgz 1562ms (cache miss)
3072 timing reifyNode:node_modules/internal-slot Completed in 1804ms
3073 http fetch GET 200 https://registry.npmjs.org/globalthis/-/globalthis-1.0.4.tgz 1565ms (cache miss)
3074 timing reifyNode:node_modules/globalthis Completed in 1808ms
3075 http fetch GET 200 https://registry.npmjs.org/data-view-byte-length/-/data-view-byte-length-1.0.2.tgz 1580ms (cache miss)
3076 http fetch GET 200 https://registry.npmjs.org/get-proto/-/get-proto-1.0.1.tgz 1582ms (cache miss)
3077 http fetch GET 200 https://registry.npmjs.org/get-symbol-description/-/get-symbol-description-1.1.0.tgz 1582ms (cache miss)
3078 timing reifyNode:node_modules/data-view-byte-length Completed in 1825ms
3079 http fetch GET 200 https://registry.npmjs.org/function.prototype.name/-/function.prototype.name-1.1.8.tgz 1582ms (cache miss)
3080 timing reifyNode:node_modules/get-symbol-description Completed in 1825ms
3081 http fetch GET 200 https://registry.npmjs.org/data-view-byte-offset/-/data-view-byte-offset-1.0.1.tgz 1583ms (cache miss)
3082 http fetch GET 200 https://registry.npmjs.org/data-view-buffer/-/data-view-buffer-1.0.2.tgz 1583ms (cache miss)
3083 http fetch GET 200 https://registry.npmjs.org/array-buffer-byte-length/-/array-buffer-byte-length-1.0.2.tgz 1582ms (cache miss)
3084 http fetch GET 200 https://registry.npmjs.org/available-typed-arrays/-/available-typed-arrays-1.0.7.tgz 1582ms (cache miss)
3085 http fetch GET 200 https://registry.npmjs.org/es-set-tostringtag/-/es-set-tostringtag-2.1.0.tgz 1583ms (cache miss)
3086 timing reifyNode:node_modules/es-set-tostringtag Completed in 1826ms
3087 timing reifyNode:node_modules/get-proto Completed in 1826ms
3088 timing reifyNode:node_modules/data-view-byte-offset Completed in 1826ms
3089 timing reifyNode:node_modules/data-view-buffer Completed in 1826ms
3090 timing reifyNode:node_modules/available-typed-arrays Completed in 1826ms
3091 timing reifyNode:node_modules/array-buffer-byte-length Completed in 1826ms
3092 timing reifyNode:node_modules/function.prototype.name Completed in 1827ms
3093 http fetch GET 200 https://registry.npmjs.org/@maplibre/maplibre-gl-style-spec/-/maplibre-gl-style-spec-24.8.5.tgz 1620ms (cache miss)
3094 timing reifyNode:node_modules/@maplibre/maplibre-gl-style-spec Completed in 1830ms
3095 http fetch GET 200 https://registry.npmjs.org/gopd/-/gopd-1.2.0.tgz 1587ms (cache miss)
3096 timing reifyNode:node_modules/gopd Completed in 1831ms
3097 http fetch GET 200 https://registry.npmjs.org/object-keys/-/object-keys-1.1.1.tgz 1595ms (cache miss)
3098 timing reifyNode:node_modules/object-keys Completed in 1840ms
3099 http fetch GET 200 https://registry.npmjs.org/has-property-descriptors/-/has-property-descriptors-1.0.2.tgz 1604ms (cache miss)
3100 http fetch GET 200 https://registry.npmjs.org/arraybuffer.prototype.slice/-/arraybuffer.prototype.slice-1.0.4.tgz 1605ms (cache miss)
3101 timing reifyNode:node_modules/has-property-descriptors Completed in 1849ms
3102 timing reifyNode:node_modules/arraybuffer.prototype.slice Completed in 1849ms
3103 http fetch GET 200 https://registry.npmjs.org/call-bind-apply-helpers/-/call-bind-apply-helpers-1.0.2.tgz 1617ms (cache miss)
3104 http fetch GET 200 https://registry.npmjs.org/es-to-primitive/-/es-to-primitive-1.3.0.tgz 1617ms (cache miss)
3105 http fetch GET 200 https://registry.npmjs.org/function-bind/-/function-bind-1.1.2.tgz 1618ms (cache miss)
3106 timing reifyNode:node_modules/function-bind Completed in 1863ms
3107 http fetch GET 200 https://registry.npmjs.org/es-shim-unscopables/-/es-shim-unscopables-1.1.0.tgz 1619ms (cache miss)
3108 http fetch GET 200 https://registry.npmjs.org/math-intrinsics/-/math-intrinsics-1.1.0.tgz 1619ms (cache miss)
3109 http fetch GET 200 https://registry.npmjs.org/es-define-property/-/es-define-property-1.0.1.tgz 1619ms (cache miss)
3110 http fetch GET 200 https://registry.npmjs.org/get-intrinsic/-/get-intrinsic-1.3.0.tgz 1615ms (cache miss)
3111 http fetch GET 200 https://registry.npmjs.org/es-errors/-/es-errors-1.3.0.tgz 1619ms (cache miss)
3112 http fetch GET 200 https://registry.npmjs.org/is-string/-/is-string-1.1.1.tgz 1619ms (cache miss)
3113 timing reifyNode:node_modules/es-define-property Completed in 1865ms
3114 timing reifyNode:node_modules/es-shim-unscopables Completed in 1864ms
3115 timing reifyNode:node_modules/call-bind-apply-helpers Completed in 1865ms
3116 timing reifyNode:node_modules/get-intrinsic Completed in 1865ms
3117 timing reifyNode:node_modules/is-string Completed in 1865ms
3118 timing reifyNode:node_modules/es-to-primitive Completed in 1867ms
3119 timing reifyNode:node_modules/es-errors Completed in 1866ms
3120 timing reifyNode:node_modules/math-intrinsics Completed in 1866ms
3121 http fetch GET 200 https://registry.npmjs.org/define-data-property/-/define-data-property-1.1.4.tgz 1622ms (cache miss)
3122 timing reifyNode:node_modules/define-data-property Completed in 1872ms
3123 http fetch GET 200 https://registry.npmjs.org/eslint-module-utils/-/eslint-module-utils-2.12.1.tgz 1643ms (cache miss)
3124 timing reifyNode:node_modules/eslint-module-utils Completed in 1894ms
3125 http fetch GET 200 https://registry.npmjs.org/es-object-atoms/-/es-object-atoms-1.1.1.tgz 1645ms (cache miss)
3126 timing reifyNode:node_modules/es-object-atoms Completed in 1894ms
3127 http fetch GET 200 https://registry.npmjs.org/define-properties/-/define-properties-1.2.1.tgz 1661ms (cache miss)
3128 timing reifyNode:node_modules/define-properties Completed in 1912ms
3129 http fetch GET 200 https://registry.npmjs.org/call-bound/-/call-bound-1.0.4.tgz 1662ms (cache miss)
3130 timing reifyNode:node_modules/call-bound Completed in 1912ms
3131 http fetch GET 200 https://registry.npmjs.org/set-function-length/-/set-function-length-1.2.2.tgz 1665ms (cache miss)
3132 http fetch GET 200 https://registry.npmjs.org/object.groupby/-/object.groupby-1.0.3.tgz 1664ms (cache miss)
3133 http fetch GET 200 https://registry.npmjs.org/hasown/-/hasown-2.0.3.tgz 1665ms (cache miss)
3134 timing reifyNode:node_modules/hasown Completed in 1916ms
3135 http fetch GET 200 https://registry.npmjs.org/call-bind/-/call-bind-1.0.9.tgz 1665ms (cache miss)
3136 http fetch GET 200 https://registry.npmjs.org/object.values/-/object.values-1.2.1.tgz 1666ms (cache miss)
3137 timing reifyNode:node_modules/set-function-length Completed in 1918ms
3138 timing reifyNode:node_modules/call-bind Completed in 1917ms
3139 timing reifyNode:node_modules/object.groupby Completed in 1918ms
3140 timing reifyNode:node_modules/object.values Completed in 1918ms
3141 http fetch GET 200 https://registry.npmjs.org/regexp.prototype.flags/-/regexp.prototype.flags-1.5.4.tgz 1672ms (cache miss)
3142 timing reifyNode:node_modules/regexp.prototype.flags Completed in 1924ms
3143 http fetch GET 200 https://registry.npmjs.org/tsconfig-paths/-/tsconfig-paths-3.15.0.tgz 1679ms (cache miss)
3144 timing reifyNode:node_modules/tsconfig-paths Completed in 1929ms
3145 http fetch GET 200 https://registry.npmjs.org/array.prototype.flat/-/array.prototype.flat-1.3.3.tgz 1682ms (cache miss)
3146 timing reifyNode:node_modules/array.prototype.flat Completed in 1934ms
3147 http fetch GET 200 https://registry.npmjs.org/object.fromentries/-/object.fromentries-2.0.8.tgz 1692ms (cache miss)
3148 timing reifyNode:node_modules/object.fromentries Completed in 1945ms
3149 http fetch GET 200 https://registry.npmjs.org/stable-hash/-/stable-hash-0.0.5.tgz 1702ms (cache miss)
3150 timing reifyNode:node_modules/stable-hash Completed in 1955ms
3151 http fetch GET 200 https://registry.npmjs.org/array.prototype.flatmap/-/array.prototype.flatmap-1.3.3.tgz 1703ms (cache miss)
3152 timing reifyNode:node_modules/array.prototype.flatmap Completed in 1958ms
3153 http fetch GET 200 https://registry.npmjs.org/@rtsao/scc/-/scc-1.1.0.tgz 1714ms (cache miss)
3154 timing reifyNode:node_modules/@rtsao/scc Completed in 1967ms
3155 http fetch GET 200 https://registry.npmjs.org/is-bun-module/-/is-bun-module-2.0.0.tgz 1715ms (cache miss)
3156 timing reifyNode:node_modules/is-bun-module Completed in 1968ms
3157 http fetch GET 200 https://registry.npmjs.org/unrs-resolver/-/unrs-resolver-1.11.1.tgz 1718ms (cache miss)
3158 timing reifyNode:node_modules/unrs-resolver Completed in 1971ms
3159 http fetch GET 200 https://registry.npmjs.org/array.prototype.findlastindex/-/array.prototype.findlastindex-1.2.6.tgz 1718ms (cache miss)
3160 http fetch GET 200 https://registry.npmjs.org/array-includes/-/array-includes-3.1.9.tgz 1721ms (cache miss)
3161 timing reifyNode:node_modules/array-includes Completed in 1973ms
3162 timing reifyNode:node_modules/array.prototype.findlastindex Completed in 1974ms
3163 http fetch GET 200 https://registry.npmjs.org/@nolyfill/is-core-module/-/is-core-module-1.0.39.tgz 1728ms (cache miss)
3164 timing reifyNode:node_modules/@nolyfill/is-core-module Completed in 1986ms
3165 http fetch GET 200 https://registry.npmjs.org/tinyglobby/-/tinyglobby-0.2.16.tgz 1728ms (cache miss)
3166 timing reifyNode:node_modules/tinyglobby Completed in 1988ms
3167 http fetch GET 200 https://registry.npmjs.org/jsx-ast-utils/-/jsx-ast-utils-3.3.5.tgz 1771ms (cache miss)
3168 timing reifyNode:node_modules/jsx-ast-utils Completed in 1996ms
3169 http fetch GET 200 https://registry.npmjs.org/semver/-/semver-7.8.0.tgz 1739ms (cache miss)
3170 timing reifyNode:node_modules/semver Completed in 1997ms
3171 http fetch GET 200 https://registry.npmjs.org/resolve/-/resolve-2.0.0-next.6.tgz 1754ms (cache miss)
3172 timing reifyNode:node_modules/resolve Completed in 2012ms
3173 http fetch GET 200 https://registry.npmjs.org/get-tsconfig/-/get-tsconfig-4.14.0.tgz 1767ms (cache miss)
3174 timing reifyNode:node_modules/get-tsconfig Completed in 2022ms
3175 http fetch GET 200 https://registry.npmjs.org/string.prototype.trimend/-/string.prototype.trimend-1.0.9.tgz 1778ms (cache miss)
3176 timing reifyNode:node_modules/string.prototype.trimend Completed in 2041ms
3177 http fetch GET 200 https://registry.npmjs.org/is-core-module/-/is-core-module-2.16.2.tgz 1784ms (cache miss)
3178 timing reifyNode:node_modules/is-core-module Completed in 2044ms
3179 http fetch GET 200 https://registry.npmjs.org/@typescript-eslint/tsconfig-utils/-/tsconfig-utils-8.59.2.tgz 1791ms (cache miss)
3180 timing reifyNode:node_modules/@typescript-eslint/tsconfig-utils Completed in 2050ms
3181 http fetch GET 200 https://registry.npmjs.org/ts-api-utils/-/ts-api-utils-2.5.0.tgz 1803ms (cache miss)
3182 timing reifyNode:node_modules/ts-api-utils Completed in 2065ms
3183 http fetch GET 200 https://registry.npmjs.org/@typescript-eslint/types/-/types-8.59.2.tgz 1831ms (cache miss)
3184 timing reifyNode:node_modules/@typescript-eslint/types Completed in 2093ms
3185 http fetch GET 200 https://registry.npmjs.org/eslint-import-resolver-typescript/-/eslint-import-resolver-typescript-3.10.1.tgz 1830ms (cache miss)
3186 timing reifyNode:node_modules/eslint-import-resolver-typescript Completed in 2095ms
3187 http fetch GET 200 https://registry.npmjs.org/is-set/-/is-set-2.0.3.tgz 1857ms (cache miss)
3188 timing reifyNode:node_modules/is-set Completed in 2101ms
3189 http fetch GET 200 https://registry.npmjs.org/@typescript-eslint/type-utils/-/type-utils-8.59.2.tgz 1844ms (cache miss)
3190 timing reifyNode:node_modules/@typescript-eslint/type-utils Completed in 2109ms
3191 http fetch GET 200 https://registry.npmjs.org/eslint-import-resolver-node/-/eslint-import-resolver-node-0.3.10.tgz 1846ms (cache miss)
3192 timing reifyNode:node_modules/eslint-import-resolver-node Completed in 2112ms
3193 http fetch GET 200 https://registry.npmjs.org/@typescript-eslint/utils/-/utils-8.59.2.tgz 1861ms (cache miss)
3194 timing reifyNode:node_modules/@typescript-eslint/utils Completed in 2124ms
3195 http fetch GET 200 https://registry.npmjs.org/@typescript-eslint/parser/-/parser-8.59.2.tgz 1859ms (cache miss)
3196 timing reifyNode:node_modules/@typescript-eslint/parser Completed in 2125ms
3197 http fetch GET 200 https://registry.npmjs.org/shebang-command/-/shebang-command-2.0.0.tgz 1870ms (cache miss)
3198 timing reifyNode:node_modules/shebang-command Completed in 2139ms
3199 http fetch GET 200 https://registry.npmjs.org/eslint-plugin-react-hooks/-/eslint-plugin-react-hooks-5.0.0-canary-7118f5dd7-20230705.tgz 1876ms (cache miss)
3200 timing reifyNode:node_modules/eslint-plugin-react-hooks Completed in 2143ms
3201 http fetch GET 200 https://registry.npmjs.org/@typescript-eslint/typescript-estree/-/typescript-estree-8.59.2.tgz 1882ms (cache miss)
3202 timing reifyNode:node_modules/@typescript-eslint/typescript-estree Completed in 2144ms
3203 http fetch GET 200 https://registry.npmjs.org/@typescript-eslint/visitor-keys/-/visitor-keys-8.59.2.tgz 1929ms (cache miss)
3204 timing reifyNode:node_modules/@typescript-eslint/visitor-keys Completed in 2192ms
3205 http fetch GET 200 https://registry.npmjs.org/path-key/-/path-key-3.1.1.tgz 1923ms (cache miss)
3206 timing reifyNode:node_modules/path-key Completed in 2192ms
3207 http fetch GET 200 https://registry.npmjs.org/which/-/which-2.0.2.tgz 1924ms (cache miss)
3208 timing reifyNode:node_modules/which Completed in 2197ms
3209 http fetch GET 200 https://registry.npmjs.org/color-name/-/color-name-1.1.4.tgz 1928ms (cache miss)
3210 timing reifyNode:node_modules/color-name Completed in 2199ms
3211 http fetch GET 200 https://registry.npmjs.org/supports-color/-/supports-color-7.2.0.tgz 1928ms (cache miss)
3212 timing reifyNode:node_modules/supports-color Completed in 2200ms
3213 http fetch GET 200 https://registry.npmjs.org/ms/-/ms-2.1.3.tgz 1929ms (cache miss)
3214 timing reifyNode:node_modules/ms Completed in 2200ms
3215 http fetch GET 200 https://registry.npmjs.org/glob/-/glob-10.3.10.tgz 1935ms (cache miss)
3216 warn deprecated glob@10.3.10: Old versions of glob are not supported, and contain widely publicized security vulnerabilities, which have been fixed in the current version. Please update. Support for old versions may be purchased (at exorbitant rates) by contacting i@izs.me
3217 timing reifyNode:node_modules/glob Completed in 2203ms
3218 http fetch GET 200 https://registry.npmjs.org/ansi-styles/-/ansi-styles-4.3.0.tgz 1940ms (cache miss)
3219 timing reifyNode:node_modules/ansi-styles Completed in 2214ms
3220 http fetch GET 200 https://registry.npmjs.org/color-convert/-/color-convert-2.0.1.tgz 1941ms (cache miss)
3221 timing reifyNode:node_modules/color-convert Completed in 2214ms
3222 http fetch GET 200 https://registry.npmjs.org/@typescript-eslint/scope-manager/-/scope-manager-8.59.2.tgz 1951ms (cache miss)
3223 timing reifyNode:node_modules/@typescript-eslint/scope-manager Completed in 2215ms
3224 http fetch GET 200 https://registry.npmjs.org/json-schema-traverse/-/json-schema-traverse-0.4.1.tgz 1952ms (cache miss)
3225 timing reifyNode:node_modules/json-schema-traverse Completed in 2227ms
3226 http fetch GET 200 https://registry.npmjs.org/run-parallel/-/run-parallel-1.2.0.tgz 1965ms (cache miss)
3227 timing reifyNode:node_modules/run-parallel Completed in 2244ms
3228 http fetch GET 200 https://registry.npmjs.org/strip-json-comments/-/strip-json-comments-3.1.1.tgz 1964ms (cache miss)
3229 timing reifyNode:node_modules/strip-json-comments Completed in 2244ms
3230 http fetch GET 200 https://registry.npmjs.org/fastq/-/fastq-1.20.1.tgz 1968ms (cache miss)
3231 http fetch GET 200 https://registry.npmjs.org/text-table/-/text-table-0.2.0.tgz 1967ms (cache miss)
3232 http fetch GET 200 https://registry.npmjs.org/@nodelib/fs.scandir/-/fs.scandir-2.1.5.tgz 1968ms (cache miss)
3233 timing reifyNode:node_modules/text-table Completed in 2248ms
3234 timing reifyNode:node_modules/fastq Completed in 2249ms
3235 http fetch GET 200 https://registry.npmjs.org/@nodelib/fs.stat/-/fs.stat-2.0.5.tgz 1974ms (cache miss)
3236 http fetch GET 200 https://registry.npmjs.org/eslint-plugin-react/-/eslint-plugin-react-7.37.5.tgz 1987ms (cache miss)
3237 http fetch GET 200 https://registry.npmjs.org/import-fresh/-/import-fresh-3.3.1.tgz 1972ms (cache miss)
3238 timing reifyNode:node_modules/import-fresh Completed in 2253ms
3239 timing reifyNode:node_modules/eslint-plugin-react Completed in 2254ms
3240 timing reifyNode:node_modules/@nodelib/fs.scandir Completed in 2254ms
3241 http fetch GET 200 https://registry.npmjs.org/strip-ansi/-/strip-ansi-6.0.1.tgz 1975ms (cache miss)
3242 timing reifyNode:node_modules/strip-ansi Completed in 2257ms
3243 timing reifyNode:node_modules/@nodelib/fs.stat Completed in 2257ms
3244 http fetch GET 200 https://registry.npmjs.org/eslint-plugin-jsx-a11y/-/eslint-plugin-jsx-a11y-6.10.2.tgz 1993ms (cache miss)
3245 timing reifyNode:node_modules/eslint-plugin-jsx-a11y Completed in 2259ms
3246 http fetch GET 200 https://registry.npmjs.org/@rushstack/eslint-patch/-/eslint-patch-1.16.1.tgz 1991ms (cache miss)
3247 timing reifyNode:node_modules/@rushstack/eslint-patch Completed in 2259ms
3248 http fetch GET 200 https://registry.npmjs.org/natural-compare/-/natural-compare-1.4.0.tgz 1987ms (cache miss)
3249 timing reifyNode:node_modules/natural-compare Completed in 2271ms
3250 http fetch GET 200 https://registry.npmjs.org/lodash.merge/-/lodash.merge-4.6.2.tgz 1995ms (cache miss)
3251 timing reifyNode:node_modules/lodash.merge Completed in 2278ms
3252 http fetch GET 200 https://registry.npmjs.org/uri-js/-/uri-js-4.4.1.tgz 2006ms (cache miss)
3253 timing reifyNode:node_modules/uri-js Completed in 2282ms
3254 http fetch GET 200 https://registry.npmjs.org/levn/-/levn-0.4.1.tgz 2017ms (cache miss)
3255 timing reifyNode:node_modules/levn Completed in 2301ms
3256 http fetch GET 200 https://registry.npmjs.org/optionator/-/optionator-0.9.4.tgz 2020ms (cache miss)
3257 timing reifyNode:node_modules/optionator Completed in 2303ms
3258 http fetch GET 200 https://registry.npmjs.org/@typescript-eslint/project-service/-/project-service-8.59.2.tgz 2043ms (cache miss)
3259 timing reifyNode:node_modules/@typescript-eslint/project-service Completed in 2303ms
3260 http fetch GET 200 https://registry.npmjs.org/minimatch/-/minimatch-3.1.5.tgz 2019ms (cache miss)
3261 timing reifyNode:node_modules/minimatch Completed in 2304ms
3262 http fetch GET 200 https://registry.npmjs.org/js-yaml/-/js-yaml-4.1.1.tgz 2020ms (cache miss)
3263 timing reifyNode:node_modules/js-yaml Completed in 2306ms
3264 http fetch GET 200 https://registry.npmjs.org/is-path-inside/-/is-path-inside-3.0.3.tgz 2019ms (cache miss)
3265 timing reifyNode:node_modules/is-path-inside Completed in 2306ms
3266 http fetch GET 200 https://registry.npmjs.org/is-glob/-/is-glob-4.0.3.tgz 2018ms (cache miss)
3267 timing reifyNode:node_modules/is-glob Completed in 2307ms
3268 http fetch GET 200 https://registry.npmjs.org/@humanwhocodes/object-schema/-/object-schema-2.0.3.tgz 2025ms (cache miss)
3269 warn deprecated @humanwhocodes/object-schema@2.0.3: Use @eslint/object-schema instead
3270 timing reifyNode:node_modules/@humanwhocodes/object-schema Completed in 2307ms
3271 http fetch GET 200 https://registry.npmjs.org/imurmurhash/-/imurmurhash-0.1.4.tgz 2018ms (cache miss)
3272 timing reifyNode:node_modules/imurmurhash Completed in 2307ms
3273 http fetch GET 200 https://registry.npmjs.org/@typescript-eslint/eslint-plugin/-/eslint-plugin-8.59.2.tgz 2068ms (cache miss)
3274 timing reifyNode:node_modules/@typescript-eslint/eslint-plugin Completed in 2337ms
3275 http fetch GET 200 https://registry.npmjs.org/fast-json-stable-stringify/-/fast-json-stable-stringify-2.1.0.tgz 2072ms (cache miss)
3276 http fetch GET 200 https://registry.npmjs.org/file-entry-cache/-/file-entry-cache-6.0.1.tgz 2049ms (cache miss)
3277 timing reifyNode:node_modules/file-entry-cache Completed in 2346ms
3278 http fetch GET 200 https://registry.npmjs.org/globals/-/globals-13.24.0.tgz 2056ms (cache miss)
3279 timing reifyNode:node_modules/globals Completed in 2347ms
3280 timing reifyNode:node_modules/fast-json-stable-stringify Completed in 2353ms
3281 http fetch GET 200 https://registry.npmjs.org/fast-deep-equal/-/fast-deep-equal-3.1.3.tgz 2056ms (cache miss)
3282 http fetch GET 200 https://registry.npmjs.org/find-up/-/find-up-5.0.0.tgz 2059ms (cache miss)
3283 timing reifyNode:node_modules/find-up Completed in 2356ms
3284 http fetch GET 200 https://registry.npmjs.org/esutils/-/esutils-2.0.3.tgz 2059ms (cache miss)
3285 timing reifyNode:node_modules/fast-deep-equal Completed in 2357ms
3286 timing reifyNode:node_modules/esutils Completed in 2357ms
3287 http fetch GET 200 https://registry.npmjs.org/ignore/-/ignore-5.3.2.tgz 2065ms (cache miss)
3288 timing reifyNode:node_modules/ignore Completed in 2359ms
3289 http fetch GET 200 https://registry.npmjs.org/glob-parent/-/glob-parent-6.0.2.tgz 2067ms (cache miss)
3290 timing reifyNode:node_modules/glob-parent Completed in 2359ms
3291 http fetch GET 200 https://registry.npmjs.org/eslint-visitor-keys/-/eslint-visitor-keys-3.4.3.tgz 2055ms (cache miss)
3292 timing reifyNode:node_modules/eslint-visitor-keys Completed in 2360ms
3293 http fetch GET 200 https://registry.npmjs.org/espree/-/espree-9.6.1.tgz 2059ms (cache miss)
3294 timing reifyNode:node_modules/espree Completed in 2362ms
3295 http fetch GET 200 https://registry.npmjs.org/eslint-scope/-/eslint-scope-7.2.2.tgz 2059ms (cache miss)
3296 timing reifyNode:node_modules/eslint-scope Completed in 2361ms
3297 http fetch GET 200 https://registry.npmjs.org/es-abstract/-/es-abstract-1.24.2.tgz 2123ms (cache miss)
3298 timing reifyNode:node_modules/es-abstract Completed in 2373ms
3299 http fetch GET 200 https://registry.npmjs.org/cross-spawn/-/cross-spawn-7.0.6.tgz 2089ms (cache miss)
3300 timing reifyNode:node_modules/cross-spawn Completed in 2394ms
3301 http fetch GET 200 https://registry.npmjs.org/chalk/-/chalk-4.1.2.tgz 2085ms (cache miss)
3302 timing reifyNode:node_modules/chalk Completed in 2394ms
3303 http fetch GET 200 https://registry.npmjs.org/doctrine/-/doctrine-3.0.0.tgz 2084ms (cache miss)
3304 timing reifyNode:node_modules/doctrine Completed in 2395ms
3305 http fetch GET 200 https://registry.npmjs.org/@humanwhocodes/module-importer/-/module-importer-1.0.1.tgz 2097ms (cache miss)
3306 http fetch GET 200 https://registry.npmjs.org/escape-string-regexp/-/escape-string-regexp-4.0.0.tgz 2106ms (cache miss)
3307 timing reifyNode:node_modules/escape-string-regexp Completed in 2410ms
3308 http fetch GET 200 https://registry.npmjs.org/debug/-/debug-4.4.3.tgz 2094ms (cache miss)
3309 timing reifyNode:node_modules/debug Completed in 2410ms
3310 timing reifyNode:node_modules/@humanwhocodes/module-importer Completed in 2410ms
3311 http fetch GET 200 https://registry.npmjs.org/@ungap/structured-clone/-/structured-clone-1.3.1.tgz 2098ms (cache miss)
3312 timing reifyNode:node_modules/@ungap/structured-clone Completed in 2411ms
3313 http fetch GET 200 https://registry.npmjs.org/graphemer/-/graphemer-1.4.0.tgz 2118ms (cache miss)
3314 timing reifyNode:node_modules/graphemer Completed in 2413ms
3315 http fetch GET 200 https://registry.npmjs.org/@humanwhocodes/config-array/-/config-array-0.13.0.tgz 2100ms (cache miss)
3316 warn deprecated @humanwhocodes/config-array@0.13.0: Use @eslint/config-array instead
3317 timing reifyNode:node_modules/@humanwhocodes/config-array Completed in 2413ms
3318 http fetch GET 200 https://registry.npmjs.org/@eslint/js/-/js-8.57.1.tgz 2105ms (cache miss)
3319 timing reifyNode:node_modules/@eslint/js Completed in 2418ms
3320 http fetch GET 200 https://registry.npmjs.org/update-browserslist-db/-/update-browserslist-db-1.2.3.tgz 2122ms (cache miss)
3321 timing reifyNode:node_modules/update-browserslist-db Completed in 2440ms
3322 http fetch GET 200 https://registry.npmjs.org/@eslint-community/regexpp/-/regexpp-4.12.2.tgz 2139ms (cache miss)
3323 timing reifyNode:node_modules/@eslint-community/regexpp Completed in 2457ms
3324 http fetch GET 200 https://registry.npmjs.org/@eslint/eslintrc/-/eslintrc-2.1.4.tgz 2147ms (cache miss)
3325 timing reifyNode:node_modules/@eslint/eslintrc Completed in 2461ms
3326 http fetch GET 200 https://registry.npmjs.org/json-stable-stringify-without-jsonify/-/json-stable-stringify-without-jsonify-1.0.1.tgz 2144ms (cache miss)
3327 http fetch GET 200 https://registry.npmjs.org/@nodelib/fs.walk/-/fs.walk-1.2.8.tgz 2145ms (cache miss)
3328 timing reifyNode:node_modules/json-stable-stringify-without-jsonify Completed in 2463ms
3329 timing reifyNode:node_modules/@nodelib/fs.walk Completed in 2463ms
3330 http fetch GET 200 https://registry.npmjs.org/node-releases/-/node-releases-2.0.38.tgz 2155ms (cache miss)
3331 http fetch GET 200 https://registry.npmjs.org/ajv/-/ajv-6.15.0.tgz 2164ms (cache miss)
3332 timing reifyNode:node_modules/ajv Completed in 2474ms
3333 timing reifyNode:node_modules/node-releases Completed in 2474ms
3334 http fetch GET 200 https://registry.npmjs.org/picocolors/-/picocolors-1.1.1.tgz 2157ms (cache miss)
3335 timing reifyNode:node_modules/picocolors Completed in 2479ms
3336 http fetch GET 200 https://registry.npmjs.org/baseline-browser-mapping/-/baseline-browser-mapping-2.10.29.tgz 2168ms (cache miss)
3337 timing reifyNode:node_modules/baseline-browser-mapping Completed in 2489ms
3338 http fetch GET 200 https://registry.npmjs.org/electron-to-chromium/-/electron-to-chromium-1.5.353.tgz 2170ms (cache miss)
3339 timing reifyNode:node_modules/electron-to-chromium Completed in 2489ms
3340 http fetch GET 200 https://registry.npmjs.org/postcss-value-parser/-/postcss-value-parser-4.2.0.tgz 2177ms (cache miss)
3341 timing reifyNode:node_modules/postcss-value-parser Completed in 2498ms
3342 http fetch GET 200 https://registry.npmjs.org/browserslist/-/browserslist-4.28.2.tgz 2196ms (cache miss)
3343 timing reifyNode:node_modules/browserslist Completed in 2518ms
3344 http fetch GET 200 https://registry.npmjs.org/fraction.js/-/fraction.js-5.3.4.tgz 2217ms (cache miss)
3345 timing reifyNode:node_modules/fraction.js Completed in 2540ms
3346 http fetch GET 200 https://registry.npmjs.org/tslib/-/tslib-2.8.1.tgz 2237ms (cache miss)
3347 timing reifyNode:node_modules/tslib Completed in 2560ms
3348 http fetch GET 200 https://registry.npmjs.org/undici-types/-/undici-types-6.21.0.tgz 2239ms (cache miss)
3349 timing reifyNode:node_modules/undici-types Completed in 2562ms
3350 http fetch GET 200 https://registry.npmjs.org/@types/prop-types/-/prop-types-15.7.15.tgz 2244ms (cache miss)
3351 timing reifyNode:node_modules/@types/prop-types Completed in 2567ms
3352 http fetch GET 200 https://registry.npmjs.org/@eslint-community/eslint-utils/-/eslint-utils-4.9.1.tgz 2248ms (cache miss)
3353 timing reifyNode:node_modules/@eslint-community/eslint-utils Completed in 2567ms
3354 http fetch GET 200 https://registry.npmjs.org/csstype/-/csstype-3.2.3.tgz 2245ms (cache miss)
3355 timing reifyNode:node_modules/csstype Completed in 2568ms
3356 http fetch GET 200 https://registry.npmjs.org/@radix-ui/react-use-escape-keydown/-/react-use-escape-keydown-1.1.1.tgz 2259ms (cache miss)
3357 timing reifyNode:node_modules/@radix-ui/react-use-escape-keydown Completed in 2583ms
3358 http fetch GET 200 https://registry.npmjs.org/@radix-ui/react-use-effect-event/-/react-use-effect-event-0.0.2.tgz 2259ms (cache miss)
3359 timing reifyNode:node_modules/@radix-ui/react-use-effect-event Completed in 2583ms
3360 http fetch GET 200 https://registry.npmjs.org/esquery/-/esquery-1.7.0.tgz 2319ms (cache miss)
3361 timing reifyNode:node_modules/esquery Completed in 2618ms
3362 http fetch GET 200 https://registry.npmjs.org/@radix-ui/react-use-callback-ref/-/react-use-callback-ref-1.1.1.tgz 2296ms (cache miss)
3363 timing reifyNode:node_modules/@radix-ui/react-use-callback-ref Completed in 2620ms
3364 http fetch GET 200 https://registry.npmjs.org/aria-hidden/-/aria-hidden-1.2.6.tgz 2320ms (cache miss)
3365 timing reifyNode:node_modules/aria-hidden Completed in 2646ms
3366 http fetch GET 200 https://registry.npmjs.org/react-remove-scroll/-/react-remove-scroll-2.7.2.tgz 2325ms (cache miss)
3367 timing reifyNode:node_modules/react-remove-scroll Completed in 2650ms
3368 http fetch GET 200 https://registry.npmjs.org/@radix-ui/react-use-layout-effect/-/react-use-layout-effect-1.1.1.tgz 2333ms (cache miss)
3369 timing reifyNode:node_modules/@radix-ui/react-use-layout-effect Completed in 2659ms
3370 http fetch GET 200 https://registry.npmjs.org/@radix-ui/react-portal/-/react-portal-1.1.9.tgz 2334ms (cache miss)
3371 timing reifyNode:node_modules/@radix-ui/react-portal Completed in 2659ms
3372 http fetch GET 200 https://registry.npmjs.org/@radix-ui/react-focus-guards/-/react-focus-guards-1.1.3.tgz 2339ms (cache miss)
3373 timing reifyNode:node_modules/@radix-ui/react-focus-guards Completed in 2664ms
3374 http fetch GET 200 https://registry.npmjs.org/@radix-ui/react-focus-scope/-/react-focus-scope-1.1.7.tgz 2338ms (cache miss)
3375 timing reifyNode:node_modules/@radix-ui/react-focus-scope Completed in 2664ms
3376 http fetch GET 200 https://registry.npmjs.org/@radix-ui/react-primitive/-/react-primitive-2.1.3.tgz 2341ms (cache miss)
3377 timing reifyNode:node_modules/@radix-ui/react-primitive Completed in 2667ms
3378 http fetch GET 200 https://registry.npmjs.org/@radix-ui/react-presence/-/react-presence-1.1.5.tgz 2346ms (cache miss)
3379 timing reifyNode:node_modules/@radix-ui/react-presence Completed in 2672ms
3380 http fetch GET 200 https://registry.npmjs.org/@radix-ui/react-use-controllable-state/-/react-use-controllable-state-1.2.2.tgz 2369ms (cache miss)
3381 timing reifyNode:node_modules/@radix-ui/react-use-controllable-state Completed in 2696ms
3382 http fetch GET 200 https://registry.npmjs.org/@radix-ui/react-id/-/react-id-1.1.1.tgz 2377ms (cache miss)
3383 timing reifyNode:node_modules/@radix-ui/react-id Completed in 2705ms
3384 http fetch GET 200 https://registry.npmjs.org/@radix-ui/react-context/-/react-context-1.1.2.tgz 2382ms (cache miss)
3385 timing reifyNode:node_modules/@radix-ui/react-context Completed in 2709ms
3386 http fetch GET 200 https://registry.npmjs.org/@radix-ui/react-collection/-/react-collection-1.1.7.tgz 2411ms (cache miss)
3387 http fetch GET 200 https://registry.npmjs.org/@radix-ui/react-compose-refs/-/react-compose-refs-1.1.2.tgz 2415ms (cache miss)
3388 timing reifyNode:node_modules/@radix-ui/react-compose-refs Completed in 2742ms
3389 timing reifyNode:node_modules/@radix-ui/react-collection Completed in 2742ms
3390 http fetch GET 200 https://registry.npmjs.org/@radix-ui/primitive/-/primitive-1.1.3.tgz 2415ms (cache miss)
3391 timing reifyNode:node_modules/@radix-ui/primitive Completed in 2743ms
3392 http fetch GET 200 https://registry.npmjs.org/caniuse-lite/-/caniuse-lite-1.0.30001792.tgz 2427ms (cache miss)
3393 timing reifyNode:node_modules/caniuse-lite Completed in 2749ms
3394 http fetch GET 200 https://registry.npmjs.org/zustand/-/zustand-5.0.13.tgz 2424ms (cache miss)
3395 timing reifyNode:node_modules/zustand Completed in 2752ms
3396 http fetch GET 200 https://registry.npmjs.org/tailwindcss-animate/-/tailwindcss-animate-1.0.7.tgz 2437ms (cache miss)
3397 timing reifyNode:node_modules/tailwindcss-animate Completed in 2766ms
3398 http fetch GET 200 https://registry.npmjs.org/@radix-ui/react-dismissable-layer/-/react-dismissable-layer-1.1.11.tgz 2617ms (cache miss)
3399 timing reifyNode:node_modules/@radix-ui/react-dismissable-layer Completed in 2944ms
3400 http fetch GET 200 https://registry.npmjs.org/@next/eslint-plugin-next/-/eslint-plugin-next-14.2.35.tgz 2682ms (cache miss)
3401 timing reifyNode:node_modules/@next/eslint-plugin-next Completed in 2956ms
3402 http fetch GET 200 https://registry.npmjs.org/@radix-ui/react-direction/-/react-direction-1.1.1.tgz 2631ms (cache miss)
3403 timing reifyNode:node_modules/@radix-ui/react-direction Completed in 2958ms
3404 http fetch GET 200 https://registry.npmjs.org/@radix-ui/react-collapsible/-/react-collapsible-1.1.12.tgz 2675ms (cache miss)
3405 timing reifyNode:node_modules/@radix-ui/react-collapsible Completed in 3006ms
3406 http fetch GET 200 https://registry.npmjs.org/type-fest/-/type-fest-0.20.2.tgz 2676ms (cache miss)
3407 timing reifyNode:node_modules/type-fest Completed in 3009ms
3408 http fetch GET 200 https://registry.npmjs.org/eslint-config-next/-/eslint-config-next-14.2.35.tgz 2686ms (cache miss)
3409 timing reifyNode:node_modules/eslint-config-next Completed in 3019ms
3410 http fetch GET 200 https://registry.npmjs.org/clsx/-/clsx-2.1.1.tgz 2819ms (cache miss)
3411 timing reifyNode:node_modules/clsx Completed in 3152ms
3412 http fetch GET 200 https://registry.npmjs.org/@radix-ui/react-roving-focus/-/react-roving-focus-1.1.11.tgz 2924ms (cache miss)
3413 timing reifyNode:node_modules/@radix-ui/react-roving-focus Completed in 3248ms
3414 http fetch GET 200 https://registry.npmjs.org/class-variance-authority/-/class-variance-authority-0.7.1.tgz 2940ms (cache miss)
3415 timing reifyNode:node_modules/class-variance-authority Completed in 3273ms
3416 http fetch GET 200 https://registry.npmjs.org/postcss/-/postcss-8.5.14.tgz 2940ms (cache miss)
3417 timing reifyNode:node_modules/postcss Completed in 3274ms
3418 http fetch GET 200 https://registry.npmjs.org/autoprefixer/-/autoprefixer-10.5.0.tgz 2950ms (cache miss)
3419 timing reifyNode:node_modules/autoprefixer Completed in 3284ms
3420 http fetch GET 200 https://registry.npmjs.org/@tanstack/query-core/-/query-core-5.100.9.tgz 2980ms (cache miss)
3421 timing reifyNode:node_modules/@tanstack/query-core Completed in 3304ms
3422 http fetch GET 200 https://registry.npmjs.org/tailwindcss/-/tailwindcss-3.4.19.tgz 2982ms (cache miss)
3423 timing reifyNode:node_modules/tailwindcss Completed in 3311ms
3424 http fetch GET 200 https://registry.npmjs.org/eslint/-/eslint-8.57.1.tgz 3000ms (cache miss)
3425 warn deprecated eslint@8.57.1: This version is no longer supported. Please see https://eslint.org/version-support for other options.
3426 timing reifyNode:node_modules/eslint Completed in 3332ms
3427 http fetch GET 200 https://registry.npmjs.org/@types/geojson/-/geojson-7946.0.16.tgz 3010ms (cache miss)
3428 timing reifyNode:node_modules/@types/geojson Completed in 3345ms
3429 http fetch GET 200 https://registry.npmjs.org/@radix-ui/react-slot/-/react-slot-1.2.4.tgz 3050ms (cache miss)
3430 timing reifyNode:node_modules/@radix-ui/react-slot Completed in 3388ms
3431 http fetch GET 200 https://registry.npmjs.org/@radix-ui/react-dialog/-/react-dialog-1.1.15.tgz 3057ms (cache miss)
3432 timing reifyNode:node_modules/@radix-ui/react-dialog Completed in 3395ms
3433 http fetch GET 200 https://registry.npmjs.org/react/-/react-18.3.1.tgz 3207ms (cache miss)
3434 timing reifyNode:node_modules/react Completed in 3545ms
3435 http fetch GET 200 https://registry.npmjs.org/@types/react-dom/-/react-dom-18.3.7.tgz 3232ms (cache miss)
3436 timing reifyNode:node_modules/@types/react-dom Completed in 3566ms
3437 http fetch GET 200 https://registry.npmjs.org/@tanstack/react-query/-/react-query-5.100.9.tgz 3264ms (cache miss)
3438 timing reifyNode:node_modules/@tanstack/react-query Completed in 3602ms
3439 http fetch GET 200 https://registry.npmjs.org/resolve/-/resolve-1.22.12.tgz 3282ms (cache miss)
3440 timing reifyNode:node_modules/postcss-import/node_modules/resolve Completed in 3626ms
3441 http fetch GET 200 https://registry.npmjs.org/@types/react/-/react-18.3.28.tgz 3312ms (cache miss)
3442 timing reifyNode:node_modules/@types/react Completed in 3647ms
3443 http fetch GET 200 https://registry.npmjs.org/semver/-/semver-6.3.1.tgz 3322ms (cache miss)
3444 timing reifyNode:node_modules/node-exports-info/node_modules/semver Completed in 3665ms
3445 http fetch GET 200 https://registry.npmjs.org/glob-parent/-/glob-parent-5.1.2.tgz 3330ms (cache miss)
3446 timing reifyNode:node_modules/fast-glob/node_modules/glob-parent Completed in 3675ms
3447 http fetch GET 200 https://registry.npmjs.org/@radix-ui/react-tabs/-/react-tabs-1.1.13.tgz 3344ms (cache miss)
3448 timing reifyNode:node_modules/@radix-ui/react-tabs Completed in 3682ms
3449 http fetch GET 200 https://registry.npmjs.org/@radix-ui/react-accordion/-/react-accordion-1.2.12.tgz 3359ms (cache miss)
3450 timing reifyNode:node_modules/@radix-ui/react-accordion Completed in 3697ms
3451 http fetch GET 200 https://registry.npmjs.org/string-width/-/string-width-4.2.3.tgz 3359ms (cache miss)
3452 timing reifyNode:node_modules/wrap-ansi-cjs/node_modules/string-width Completed in 3702ms
3453 http fetch GET 200 https://registry.npmjs.org/emoji-regex/-/emoji-regex-8.0.0.tgz 3393ms (cache miss)
3454 timing reifyNode:node_modules/wrap-ansi-cjs/node_modules/emoji-regex Completed in 3736ms
3455 http fetch GET 200 https://registry.npmjs.org/ansi-regex/-/ansi-regex-6.2.2.tgz 3407ms (cache miss)
3456 timing reifyNode:node_modules/wrap-ansi/node_modules/ansi-regex Completed in 3750ms
3457 http fetch GET 200 https://registry.npmjs.org/ansi-styles/-/ansi-styles-6.2.3.tgz 3416ms (cache miss)
3458 timing reifyNode:node_modules/wrap-ansi/node_modules/ansi-styles Completed in 3759ms
3459 http fetch GET 200 https://registry.npmjs.org/glob-parent/-/glob-parent-5.1.2.tgz 3435ms (cache miss)
3460 timing reifyNode:node_modules/chokidar/node_modules/glob-parent Completed in 3780ms
3461 http fetch GET 200 https://registry.npmjs.org/emoji-regex/-/emoji-regex-8.0.0.tgz 3444ms (cache miss)
3462 http fetch GET 200 https://registry.npmjs.org/strip-ansi/-/strip-ansi-7.2.0.tgz 3444ms (cache miss)
3463 timing reifyNode:node_modules/string-width/node_modules/strip-ansi Completed in 3789ms
3464 timing reifyNode:node_modules/string-width-cjs/node_modules/emoji-regex Completed in 3789ms
3465 http fetch GET 200 https://registry.npmjs.org/ansi-regex/-/ansi-regex-6.2.2.tgz 3460ms (cache miss)
3466 timing reifyNode:node_modules/string-width/node_modules/ansi-regex Completed in 3804ms
3467 http fetch GET 200 https://registry.npmjs.org/strip-ansi/-/strip-ansi-7.2.0.tgz 3484ms (cache miss)
3468 timing reifyNode:node_modules/wrap-ansi/node_modules/strip-ansi Completed in 3828ms
3469 http fetch GET 200 https://registry.npmjs.org/strip-ansi/-/strip-ansi-7.2.0.tgz 3494ms (cache miss)
3470 timing reifyNode:node_modules/@isaacs/cliui/node_modules/strip-ansi Completed in 3837ms
3471 http fetch GET 200 https://registry.npmjs.org/ansi-regex/-/ansi-regex-6.2.2.tgz 3525ms (cache miss)
3472 timing reifyNode:node_modules/@isaacs/cliui/node_modules/ansi-regex Completed in 3870ms
3473 http fetch GET 200 https://registry.npmjs.org/fdir/-/fdir-6.5.0.tgz 3563ms (cache miss)
3474 timing reifyNode:node_modules/tinyglobby/node_modules/fdir Completed in 3907ms
3475 http fetch GET 200 https://registry.npmjs.org/balanced-match/-/balanced-match-4.0.4.tgz 3563ms (cache miss)
3476 timing reifyNode:node_modules/@typescript-eslint/typescript-estree/node_modules/balanced-match Completed in 3908ms
3477 http fetch GET 200 https://registry.npmjs.org/debug/-/debug-3.2.7.tgz 3587ms (cache miss)
3478 timing reifyNode:node_modules/eslint-module-utils/node_modules/debug Completed in 3930ms
3479 http fetch GET 200 https://registry.npmjs.org/zod/-/zod-3.25.76.tgz 3602ms (cache miss)
3480 timing reifyNode:node_modules/zod Completed in 3930ms
3481 http fetch GET 200 https://registry.npmjs.org/tailwind-merge/-/tailwind-merge-3.5.0.tgz 3606ms (cache miss)
3482 timing reifyNode:node_modules/tailwind-merge Completed in 3948ms
3483 http fetch GET 200 https://registry.npmjs.org/brace-expansion/-/brace-expansion-2.1.0.tgz 3681ms (cache miss)
3484 timing reifyNode:node_modules/glob/node_modules/brace-expansion Completed in 4027ms
3485 http fetch GET 200 https://registry.npmjs.org/picomatch/-/picomatch-4.0.4.tgz 3684ms (cache miss)
3486 timing reifyNode:node_modules/tinyglobby/node_modules/picomatch Completed in 4028ms
3487 http fetch GET 200 https://registry.npmjs.org/brace-expansion/-/brace-expansion-5.0.6.tgz 3694ms (cache miss)
3488 http fetch GET 200 https://registry.npmjs.org/eslint-visitor-keys/-/eslint-visitor-keys-5.0.1.tgz 3694ms (cache miss)
3489 timing reifyNode:node_modules/@typescript-eslint/visitor-keys/node_modules/eslint-visitor-keys Completed in 4039ms
3490 timing reifyNode:node_modules/@typescript-eslint/typescript-estree/node_modules/brace-expansion Completed in 4040ms
3491 http fetch GET 200 https://registry.npmjs.org/semver/-/semver-6.3.1.tgz 3713ms (cache miss)
3492 timing reifyNode:node_modules/eslint-plugin-react/node_modules/semver Completed in 4058ms
3493 http fetch GET 200 https://registry.npmjs.org/@maplibre/geojson-vt/-/geojson-vt-5.0.4.tgz 3774ms (cache miss)
3494 timing reifyNode:node_modules/@maplibre/vt-pbf/node_modules/@maplibre/geojson-vt Completed in 4116ms
3495 http fetch GET 200 https://registry.npmjs.org/minimatch/-/minimatch-10.2.5.tgz 3774ms (cache miss)
3496 timing reifyNode:node_modules/@typescript-eslint/typescript-estree/node_modules/minimatch Completed in 4118ms
3497 http fetch GET 200 https://registry.npmjs.org/semver/-/semver-6.3.1.tgz 3792ms (cache miss)
3498 timing reifyNode:node_modules/eslint-plugin-import/node_modules/semver Completed in 4137ms
3499 http fetch GET 200 https://registry.npmjs.org/doctrine/-/doctrine-2.1.0.tgz 3796ms (cache miss)
3500 timing reifyNode:node_modules/eslint-plugin-react/node_modules/doctrine Completed in 4142ms
3501 http fetch GET 200 https://registry.npmjs.org/debug/-/debug-3.2.7.tgz 3810ms (cache miss)
3502 timing reifyNode:node_modules/eslint-plugin-import/node_modules/debug Completed in 4156ms
3503 http fetch GET 200 https://registry.npmjs.org/doctrine/-/doctrine-2.1.0.tgz 3827ms (cache miss)
3504 timing reifyNode:node_modules/eslint-plugin-import/node_modules/doctrine Completed in 4174ms
3505 http fetch GET 200 https://registry.npmjs.org/minimatch/-/minimatch-9.0.9.tgz 3840ms (cache miss)
3506 timing reifyNode:node_modules/glob/node_modules/minimatch Completed in 4186ms
3507 http fetch GET 200 https://registry.npmjs.org/debug/-/debug-3.2.7.tgz 3897ms (cache miss)
3508 timing reifyNode:node_modules/eslint-import-resolver-node/node_modules/debug Completed in 4244ms
3509 http fetch GET 200 https://registry.npmjs.org/@radix-ui/react-slot/-/react-slot-1.2.3.tgz 3898ms (cache miss)
3510 timing reifyNode:node_modules/@radix-ui/react-primitive/node_modules/@radix-ui/react-slot Completed in 4243ms
3511 http fetch GET 200 https://registry.npmjs.org/@radix-ui/react-slot/-/react-slot-1.2.3.tgz 3897ms (cache miss)
3512 timing reifyNode:node_modules/@radix-ui/react-collection/node_modules/@radix-ui/react-slot Completed in 4244ms
3513 http fetch GET 200 https://registry.npmjs.org/resolve/-/resolve-1.22.12.tgz 3916ms (cache miss)
3514 timing reifyNode:node_modules/tailwindcss/node_modules/resolve Completed in 4262ms
3515 http fetch GET 200 https://registry.npmjs.org/typescript/-/typescript-5.9.3.tgz 3947ms (cache miss)
3516 timing reifyNode:node_modules/typescript Completed in 4275ms
3517 http fetch GET 200 https://registry.npmjs.org/@radix-ui/react-slot/-/react-slot-1.2.3.tgz 3929ms (cache miss)
3518 timing reifyNode:node_modules/@radix-ui/react-dialog/node_modules/@radix-ui/react-slot Completed in 4275ms
3519 http fetch GET 200 https://registry.npmjs.org/glob/-/glob-7.2.3.tgz 3934ms (cache miss)
3520 warn deprecated glob@7.2.3: Old versions of glob are not supported, and contain widely publicized security vulnerabilities, which have been fixed in the current version. Please update. Support for old versions may be purchased (at exorbitant rates) by contacting i@izs.me
3521 timing reifyNode:node_modules/rimraf/node_modules/glob Completed in 4282ms
3522 http fetch GET 200 https://registry.npmjs.org/postcss/-/postcss-8.4.31.tgz 3942ms (cache miss)
3523 timing reifyNode:node_modules/next/node_modules/postcss Completed in 4288ms
3524 http fetch GET 200 https://registry.npmjs.org/ignore/-/ignore-7.0.5.tgz 3966ms (cache miss)
3525 timing reifyNode:node_modules/@typescript-eslint/eslint-plugin/node_modules/ignore Completed in 4315ms
3526 http fetch GET 200 https://registry.npmjs.org/react-dom/-/react-dom-18.3.1.tgz 4561ms (cache miss)
3527 timing reifyNode:node_modules/react-dom Completed in 4903ms
3528 http fetch GET 200 https://registry.npmjs.org/eslint-plugin-import/-/eslint-plugin-import-2.32.0.tgz 5567ms (cache miss)
3529 timing reifyNode:node_modules/eslint-plugin-import Completed in 5887ms
3530 http fetch GET 200 https://registry.npmjs.org/maplibre-gl/-/maplibre-gl-5.24.0.tgz 5568ms (cache miss)
3531 timing reifyNode:node_modules/maplibre-gl Completed in 5900ms
3532 http fetch GET 200 https://registry.npmjs.org/@types/node/-/node-22.19.18.tgz 6377ms (cache miss)
3533 timing reifyNode:node_modules/@types/node Completed in 6711ms
3534 http fetch GET 200 https://registry.npmjs.org/lucide-react/-/lucide-react-0.475.0.tgz 8834ms (cache miss)
3535 timing reifyNode:node_modules/lucide-react Completed in 9168ms
3536 http fetch GET 200 https://registry.npmjs.org/@next/swc-darwin-arm64/-/swc-darwin-arm64-14.2.33.tgz 9788ms (cache miss)
3537 timing reifyNode:node_modules/@next/swc-darwin-arm64 Completed in 9993ms
3538 http fetch GET 200 https://registry.npmjs.org/next/-/next-14.2.35.tgz 10401ms (cache miss)
3539 timing reifyNode:node_modules/next Completed in 10733ms
3540 timing reify:unpack Completed in 10740ms
3541 timing reify:unretire Completed in 0ms
3542 timing build:queue Completed in 6ms
3543 timing build:link:node_modules/autoprefixer Completed in 4ms
3544 timing build:link:node_modules/eslint-plugin-react/node_modules/semver Completed in 3ms
3545 timing build:link:node_modules/cssesc Completed in 4ms
3546 timing build:link:node_modules/@maplibre/maplibre-gl-style-spec Completed in 4ms
3547 timing build:link:node_modules/acorn Completed in 4ms
3548 timing build:link:node_modules/baseline-browser-mapping Completed in 4ms
3549 timing build:link:node_modules/browserslist Completed in 4ms
3550 timing build:link:node_modules/eslint Completed in 4ms
3551 timing build:link:node_modules/glob Completed in 4ms
3552 timing build:link:node_modules/jiti Completed in 4ms
3553 timing build:link:node_modules/eslint-plugin-import/node_modules/semver Completed in 3ms
3554 timing build:link:node_modules/js-yaml Completed in 4ms
3555 timing build:link:node_modules/loose-envify Completed in 4ms
3556 timing build:link:node_modules/nanoid Completed in 4ms
3557 timing build:link:node_modules/napi-postinstall Completed in 4ms
3558 timing build:link:node_modules/postcss-import/node_modules/resolve Completed in 3ms
3559 timing build:link:node_modules/json5 Completed in 4ms
3560 timing build:link:node_modules/tailwindcss/node_modules/resolve Completed in 3ms
3561 timing build:link:node_modules/resolve Completed in 4ms
3562 timing build:link:node_modules/next Completed in 4ms
3563 timing build:link:node_modules/sucrase Completed in 3ms
3564 timing build:link:node_modules/semver Completed in 3ms
3565 timing build:link:node_modules/pbf Completed in 4ms
3566 timing build:link:node_modules/rimraf Completed in 3ms
3567 timing build:link:node_modules/node-exports-info/node_modules/semver Completed in 3ms
3568 timing build:link:node_modules/tailwindcss Completed in 3ms
3569 timing build:link:node_modules/update-browserslist-db Completed in 3ms
3570 timing build:link:node_modules/which Completed in 3ms
3571 timing build:link:node_modules/typescript Completed in 3ms
3572 timing build:link Completed in 4ms
3573 info run unrs-resolver@1.11.1 postinstall node_modules/unrs-resolver napi-postinstall unrs-resolver 1.11.1 check
3574 info run unrs-resolver@1.11.1 postinstall { code: 0, signal: null }
3575 timing build:run:postinstall:node_modules/unrs-resolver Completed in 405ms
3576 timing build:run:postinstall Completed in 406ms
3577 timing build:deps Completed in 416ms
3578 timing build Completed in 416ms
3579 timing reify:build Completed in 417ms
3580 timing reify:trash Completed in 8ms
3581 timing reify:save Completed in 63ms
3582 timing reify Completed in 35655ms
3583 silly ADD node_modules/wrappy
3584 silly ADD node_modules/path-is-absolute
3585 silly ADD node_modules/once
3586 silly ADD node_modules/inherits
3587 silly ADD node_modules/inflight
3588 silly ADD node_modules/fs.realpath
3589 silly ADD node_modules/is-weakset
3590 silly ADD node_modules/is-weakmap
3591 silly ADD node_modules/is-map
3592 silly ADD node_modules/generator-function
3593 silly ADD node_modules/async-function
3594 silly ADD node_modules/which-collection
3595 silly ADD node_modules/is-generator-function
3596 silly ADD node_modules/is-finalizationregistry
3597 silly ADD node_modules/is-async-function
3598 silly ADD node_modules/is-number-object
3599 silly ADD node_modules/is-boolean-object
3600 silly ADD node_modules/is-bigint
3601 silly ADD node_modules/isexe
3602 silly ADD node_modules/detect-node-es
3603 silly ADD node_modules/punycode
3604 silly ADD node_modules/escalade
3605 silly ADD
3606 silly ADD
3607 silly ADD
3608 silly ADD
3609 silly ADD
3610 silly ADD node_modules/napi-postinstall
3611 silly ADD
3612 silly ADD
3613 silly ADD
3614 silly ADD
3615 silly ADD
3616 silly ADD
3617 silly ADD
3618 silly ADD
3619 silly ADD
3620 silly ADD
3621 silly ADD
3622 silly ADD
3623 silly ADD
3624 silly ADD
3625 silly ADD
3626 silly ADD
3627 silly ADD node_modules/@unrs/resolver-binding-darwin-arm64
3628 silly ADD
3629 silly ADD
3630 silly ADD node_modules/which-boxed-primitive
3631 silly ADD node_modules/has-bigints
3632 silly ADD node_modules/which-builtin-type
3633 silly ADD node_modules/reflect.getprototypeof
3634 silly ADD node_modules/for-each
3635 silly ADD node_modules/strip-bom
3636 silly ADD node_modules/json5
3637 silly ADD node_modules/@types/json5
3638 silly ADD node_modules/is-number
3639 silly ADD node_modules/thenify
3640 silly ADD node_modules/thenify-all
3641 silly ADD node_modules/any-promise
3642 silly ADD node_modules/@jridgewell/resolve-uri
3643 silly ADD node_modules/@jridgewell/trace-mapping
3644 silly ADD node_modules/@jridgewell/sourcemap-codec
3645 silly ADD node_modules/ts-interface-checker
3646 silly ADD node_modules/pirates
3647 silly ADD node_modules/mz
3648 silly ADD node_modules/lines-and-columns
3649 silly ADD node_modules/commander
3650 silly ADD node_modules/@jridgewell/gen-mapping
3651 silly ADD node_modules/pify
3652 silly ADD node_modules/util-deprecate
3653 silly ADD node_modules/cssesc
3654 silly ADD node_modules/camelcase-css
3655 silly ADD node_modules/read-cache
3656 silly ADD node_modules/binary-extensions
3657 silly ADD node_modules/to-regex-range
3658 silly ADD node_modules/merge2
3659 silly ADD node_modules/fill-range
3660 silly ADD node_modules/picomatch
3661 silly ADD node_modules/readdirp
3662 silly ADD node_modules/is-binary-path
3663 silly ADD node_modules/fsevents
3664 silly ADD node_modules/braces
3665 silly ADD node_modules/anymatch
3666 silly ADD node_modules/sucrase
3667 silly ADD node_modules/postcss-selector-parser
3668 silly ADD node_modules/postcss-nested
3669 silly ADD node_modules/postcss-load-config
3670 silly ADD node_modules/postcss-js
3671 silly ADD node_modules/postcss-import
3672 silly ADD node_modules/postcss-import/node_modules/resolve
3673 silly ADD node_modules/object-hash
3674 silly ADD node_modules/normalize-path
3675 silly ADD node_modules/micromatch
3676 silly ADD node_modules/lilconfig
3677 silly ADD node_modules/jiti
3678 silly ADD node_modules/fast-glob
3679 silly ADD node_modules/fast-glob/node_modules/glob-parent
3680 silly ADD node_modules/dlv
3681 silly ADD node_modules/didyoumean
3682 silly ADD node_modules/chokidar
3683 silly ADD node_modules/chokidar/node_modules/glob-parent
3684 silly ADD node_modules/arg
3685 silly ADD node_modules/@alloc/quick-lru
3686 silly ADD node_modules/has-flag
3687 silly ADD node_modules/client-only
3688 silly ADD node_modules/ansi-regex
3689 silly ADD node_modules/is-fullwidth-code-point
3690 silly ADD node_modules/eastasianwidth
3691 silly ADD node_modules/side-channel-weakmap
3692 silly ADD node_modules/side-channel-map
3693 silly ADD node_modules/side-channel-list
3694 silly ADD node_modules/shebang-regex
3695 silly ADD node_modules/isarray
3696 silly ADD node_modules/queue-microtask
3697 silly ADD node_modules/protocol-buffers-schema
3698 silly ADD node_modules/supports-preserve-symlinks-flag
3699 silly ADD node_modules/path-parse
3700 silly ADD node_modules/node-exports-info
3701 silly ADD node_modules/node-exports-info/node_modules/semver
3702 silly ADD node_modules/get-nonce
3703 silly ADD node_modules/use-sidecar
3704 silly ADD node_modules/use-callback-ref
3705 silly ADD node_modules/react-style-singleton
3706 silly ADD node_modules/react-remove-scroll-bar
3707 silly ADD node_modules/scheduler
3708 silly ADD node_modules/js-tokens
3709 silly ADD node_modules/react-is
3710 silly ADD node_modules/object-assign
3711 silly ADD node_modules/loose-envify
3712 silly ADD node_modules/source-map-js
3713 silly ADD node_modules/nanoid
3714 silly ADD node_modules/resolve-protobuf-schema
3715 silly ADD node_modules/lru-cache
3716 silly ADD node_modules/callsites
3717 silly ADD node_modules/yocto-queue
3718 silly ADD node_modules/p-limit
3719 silly ADD node_modules/word-wrap
3720 silly ADD node_modules/fast-levenshtein
3721 silly ADD node_modules/deep-is
3722 silly ADD node_modules/streamsearch
3723 silly ADD node_modules/@swc/counter
3724 silly ADD node_modules/styled-jsx
3725 silly ADD node_modules/graceful-fs
3726 silly ADD node_modules/busboy
3727 silly ADD node_modules/@swc/helpers
3728 silly ADD
3729 silly ADD
3730 silly ADD
3731 silly ADD
3732 silly ADD
3733 silly ADD
3734 silly ADD
3735 silly ADD
3736 silly ADD node_modules/@next/swc-darwin-arm64
3737 silly ADD node_modules/@next/env
3738 silly ADD node_modules/concat-map
3739 silly ADD node_modules/balanced-match
3740 silly ADD node_modules/brace-expansion
3741 silly ADD node_modules/supercluster
3742 silly ADD node_modules/@types/supercluster
3743 silly ADD node_modules/minimist
3744 silly ADD node_modules/json-stringify-pretty-compact
3745 silly ADD node_modules/tinyqueue
3746 silly ADD node_modules/quickselect
3747 silly ADD node_modules/potpack
3748 silly ADD node_modules/pbf
3749 silly ADD node_modules/murmurhash-js
3750 silly ADD node_modules/kdbush
3751 silly ADD node_modules/gl-matrix
3752 silly ADD node_modules/earcut
3753 silly ADD node_modules/@maplibre/vt-pbf
3754 silly ADD node_modules/@maplibre/vt-pbf/node_modules/@maplibre/geojson-vt
3755 silly ADD node_modules/@maplibre/mlt
3756 silly ADD node_modules/@maplibre/maplibre-gl-style-spec
3757 silly ADD node_modules/@maplibre/geojson-vt
3758 silly ADD node_modules/@mapbox/whoots-js
3759 silly ADD node_modules/@mapbox/vector-tile
3760 silly ADD node_modules/@mapbox/unitbezier
3761 silly ADD node_modules/@mapbox/tiny-sdf
3762 silly ADD node_modules/@mapbox/point-geometry
3763 silly ADD node_modules/@mapbox/jsonlint-lines-primitives
3764 silly ADD node_modules/p-locate
3765 silly ADD node_modules/type-check
3766 silly ADD node_modules/prelude-ls
3767 silly ADD node_modules/language-subtag-registry
3768 silly ADD node_modules/json-buffer
3769 silly ADD node_modules/argparse
3770 silly ADD node_modules/wrap-ansi-cjs
3771 silly ADD node_modules/wrap-ansi-cjs/node_modules/emoji-regex
3772 silly ADD node_modules/wrap-ansi-cjs/node_modules/string-width
3773 silly ADD node_modules/wrap-ansi
3774 silly ADD node_modules/wrap-ansi/node_modules/ansi-regex
3775 silly ADD node_modules/wrap-ansi/node_modules/strip-ansi
3776 silly ADD node_modules/wrap-ansi/node_modules/ansi-styles
3777 silly ADD node_modules/strip-ansi-cjs
3778 silly ADD node_modules/string-width-cjs
3779 silly ADD node_modules/string-width-cjs/node_modules/emoji-regex
3780 silly ADD node_modules/string-width
3781 silly ADD node_modules/string-width/node_modules/ansi-regex
3782 silly ADD node_modules/string-width/node_modules/strip-ansi
3783 silly ADD node_modules/@pkgjs/parseargs
3784 silly ADD node_modules/@isaacs/cliui
3785 silly ADD node_modules/@isaacs/cliui/node_modules/ansi-regex
3786 silly ADD node_modules/@isaacs/cliui/node_modules/strip-ansi
3787 silly ADD node_modules/set-function-name
3788 silly ADD node_modules/is-extglob
3789 silly ADD node_modules/side-channel
3790 silly ADD node_modules/resolve-from
3791 silly ADD node_modules/parent-module
3792 silly ADD node_modules/type-fest
3793 silly ADD node_modules/signal-exit
3794 silly ADD node_modules/path-scurry
3795 silly ADD node_modules/minipass
3796 silly ADD node_modules/jackspeak
3797 silly ADD node_modules/foreground-child
3798 silly ADD node_modules/resolve-pkg-maps
3799 silly ADD node_modules/dunder-proto
3800 silly ADD node_modules/functions-have-names
3801 silly ADD node_modules/rimraf
3802 silly ADD node_modules/rimraf/node_modules/glob
3803 silly ADD node_modules/keyv
3804 silly ADD node_modules/flatted
3805 silly ADD node_modules/path-exists
3806 silly ADD node_modules/locate-path
3807 silly ADD node_modules/flat-cache
3808 silly ADD node_modules/reusify
3809 silly ADD node_modules/acorn-jsx
3810 silly ADD node_modules/acorn
3811 silly ADD node_modules/esrecurse
3812 silly ADD node_modules/iterator.prototype
3813 silly ADD node_modules/string.prototype.repeat
3814 silly ADD node_modules/string.prototype.matchall
3815 silly ADD node_modules/prop-types
3816 silly ADD node_modules/object.entries
3817 silly ADD node_modules/estraverse
3818 silly ADD node_modules/es-iterator-helpers
3819 silly ADD node_modules/array.prototype.tosorted
3820 silly ADD node_modules/array.prototype.findlast
3821 silly ADD node_modules/string.prototype.includes
3822 silly ADD node_modules/language-tags
3823 silly ADD node_modules/jsx-ast-utils
3824 silly ADD node_modules/emoji-regex
3825 silly ADD node_modules/damerau-levenshtein
3826 silly ADD node_modules/axobject-query
3827 silly ADD node_modules/axe-core
3828 silly ADD node_modules/ast-types-flow
3829 silly ADD node_modules/aria-query
3830 silly ADD node_modules/is-symbol
3831 silly ADD node_modules/is-date-object
3832 silly ADD node_modules/has-tostringtag
3833 silly ADD node_modules/possible-typed-array-names
3834 silly ADD node_modules/which-typed-array
3835 silly ADD node_modules/unbox-primitive
3836 silly ADD node_modules/typed-array-length
3837 silly ADD node_modules/typed-array-byte-offset
3838 silly ADD node_modules/typed-array-byte-length
3839 silly ADD node_modules/typed-array-buffer
3840 silly ADD node_modules/string.prototype.trimstart
3841 silly ADD node_modules/string.prototype.trim
3842 silly ADD node_modules/stop-iteration-iterator
3843 silly ADD node_modules/set-proto
3844 silly ADD node_modules/safe-regex-test
3845 silly ADD node_modules/safe-push-apply
3846 silly ADD node_modules/safe-array-concat
3847 silly ADD node_modules/regexp.prototype.flags
3848 silly ADD node_modules/own-keys
3849 silly ADD node_modules/object.assign
3850 silly ADD node_modules/object-inspect
3851 silly ADD node_modules/is-weakref
3852 silly ADD node_modules/is-typed-array
3853 silly ADD node_modules/is-shared-array-buffer
3854 silly ADD node_modules/is-set
3855 silly ADD node_modules/is-regex
3856 silly ADD node_modules/is-negative-zero
3857 silly ADD node_modules/is-data-view
3858 silly ADD node_modules/is-callable
3859 silly ADD node_modules/is-array-buffer
3860 silly ADD node_modules/internal-slot
3861 silly ADD node_modules/has-symbols
3862 silly ADD node_modules/has-proto
3863 silly ADD node_modules/globalthis
3864 silly ADD node_modules/get-symbol-description
3865 silly ADD node_modules/get-proto
3866 silly ADD node_modules/function.prototype.name
3867 silly ADD node_modules/es-to-primitive
3868 silly ADD node_modules/es-set-tostringtag
3869 silly ADD node_modules/data-view-byte-offset
3870 silly ADD node_modules/data-view-byte-length
3871 silly ADD node_modules/data-view-buffer
3872 silly ADD node_modules/available-typed-arrays
3873 silly ADD node_modules/arraybuffer.prototype.slice
3874 silly ADD node_modules/array-buffer-byte-length
3875 silly ADD node_modules/gopd
3876 silly ADD node_modules/object-keys
3877 silly ADD node_modules/has-property-descriptors
3878 silly ADD node_modules/define-data-property
3879 silly ADD node_modules/function-bind
3880 silly ADD node_modules/set-function-length
3881 silly ADD node_modules/es-define-property
3882 silly ADD node_modules/call-bind-apply-helpers
3883 silly ADD node_modules/es-shim-unscopables
3884 silly ADD node_modules/es-errors
3885 silly ADD node_modules/math-intrinsics
3886 silly ADD node_modules/is-string
3887 silly ADD node_modules/get-intrinsic
3888 silly ADD node_modules/es-object-atoms
3889 silly ADD node_modules/es-abstract
3890 silly ADD node_modules/define-properties
3891 silly ADD node_modules/call-bound
3892 silly ADD node_modules/call-bind
3893 silly ADD node_modules/tsconfig-paths
3894 silly ADD node_modules/string.prototype.trimend
3895 silly ADD node_modules/object.values
3896 silly ADD node_modules/object.groupby
3897 silly ADD node_modules/object.fromentries
3898 silly ADD node_modules/hasown
3899 silly ADD node_modules/eslint-module-utils
3900 silly ADD node_modules/eslint-module-utils/node_modules/debug
3901 silly ADD node_modules/array.prototype.flatmap
3902 silly ADD node_modules/array.prototype.flat
3903 silly ADD node_modules/array.prototype.findlastindex
3904 silly ADD node_modules/array-includes
3905 silly ADD node_modules/@rtsao/scc
3906 silly ADD node_modules/unrs-resolver
3907 silly ADD node_modules/stable-hash
3908 silly ADD node_modules/is-bun-module
3909 silly ADD node_modules/get-tsconfig
3910 silly ADD node_modules/@nolyfill/is-core-module
3911 silly ADD node_modules/resolve
3912 silly ADD node_modules/is-core-module
3913 silly ADD node_modules/tinyglobby
3914 silly ADD node_modules/tinyglobby/node_modules/picomatch
3915 silly ADD node_modules/tinyglobby/node_modules/fdir
3916 silly ADD node_modules/semver
3917 silly ADD node_modules/@typescript-eslint/tsconfig-utils
3918 silly ADD node_modules/@typescript-eslint/project-service
3919 silly ADD node_modules/@typescript-eslint/typescript-estree
3920 silly ADD node_modules/@typescript-eslint/typescript-estree/node_modules/balanced-match
3921 silly ADD node_modules/@typescript-eslint/typescript-estree/node_modules/brace-expansion
3922 silly ADD node_modules/@typescript-eslint/typescript-estree/node_modules/minimatch
3923 silly ADD node_modules/@typescript-eslint/types
3924 silly ADD node_modules/ts-api-utils
3925 silly ADD node_modules/@typescript-eslint/visitor-keys
3926 silly ADD node_modules/@typescript-eslint/visitor-keys/node_modules/eslint-visitor-keys
3927 silly ADD node_modules/@typescript-eslint/utils
3928 silly ADD node_modules/@typescript-eslint/type-utils
3929 silly ADD node_modules/@typescript-eslint/scope-manager
3930 silly ADD node_modules/glob
3931 silly ADD node_modules/glob/node_modules/brace-expansion
3932 silly ADD node_modules/glob/node_modules/minimatch
3933 silly ADD node_modules/eslint-plugin-react-hooks
3934 silly ADD node_modules/eslint-plugin-react
3935 silly ADD node_modules/eslint-plugin-react/node_modules/semver
3936 silly ADD node_modules/eslint-plugin-react/node_modules/doctrine
3937 silly ADD node_modules/eslint-plugin-jsx-a11y
3938 silly ADD node_modules/eslint-plugin-import
3939 silly ADD node_modules/eslint-plugin-import/node_modules/semver
3940 silly ADD node_modules/eslint-plugin-import/node_modules/doctrine
3941 silly ADD node_modules/eslint-plugin-import/node_modules/debug
3942 silly ADD node_modules/eslint-import-resolver-typescript
3943 silly ADD node_modules/eslint-import-resolver-node
3944 silly ADD node_modules/eslint-import-resolver-node/node_modules/debug
3945 silly ADD node_modules/@typescript-eslint/parser
3946 silly ADD node_modules/@typescript-eslint/eslint-plugin
3947 silly ADD node_modules/@typescript-eslint/eslint-plugin/node_modules/ignore
3948 silly ADD node_modules/@rushstack/eslint-patch
3949 silly ADD node_modules/@next/eslint-plugin-next
3950 silly ADD node_modules/ms
3951 silly ADD node_modules/which
3952 silly ADD node_modules/shebang-command
3953 silly ADD node_modules/path-key
3954 silly ADD node_modules/color-name
3955 silly ADD node_modules/color-convert
3956 silly ADD node_modules/supports-color
3957 silly ADD node_modules/ansi-styles
3958 silly ADD node_modules/uri-js
3959 silly ADD node_modules/json-schema-traverse
3960 silly ADD node_modules/fast-json-stable-stringify
3961 silly ADD node_modules/run-parallel
3962 silly ADD node_modules/@nodelib/fs.stat
3963 silly ADD node_modules/fastq
3964 silly ADD node_modules/@nodelib/fs.scandir
3965 silly ADD node_modules/@humanwhocodes/object-schema
3966 silly ADD node_modules/strip-json-comments
3967 silly ADD node_modules/import-fresh
3968 silly ADD node_modules/text-table
3969 silly ADD node_modules/strip-ansi
3970 silly ADD node_modules/optionator
3971 silly ADD node_modules/natural-compare
3972 silly ADD node_modules/minimatch
3973 silly ADD node_modules/lodash.merge
3974 silly ADD node_modules/levn
3975 silly ADD node_modules/json-stable-stringify-without-jsonify
3976 silly ADD node_modules/js-yaml
3977 silly ADD node_modules/is-path-inside
3978 silly ADD node_modules/is-glob
3979 silly ADD node_modules/imurmurhash
3980 silly ADD node_modules/ignore
3981 silly ADD node_modules/graphemer
3982 silly ADD node_modules/globals
3983 silly ADD node_modules/glob-parent
3984 silly ADD node_modules/find-up
3985 silly ADD node_modules/file-entry-cache
3986 silly ADD node_modules/fast-deep-equal
3987 silly ADD node_modules/esutils
3988 silly ADD node_modules/esquery
3989 silly ADD node_modules/espree
3990 silly ADD node_modules/eslint-visitor-keys
3991 silly ADD node_modules/eslint-scope
3992 silly ADD node_modules/escape-string-regexp
3993 silly ADD node_modules/doctrine
3994 silly ADD node_modules/debug
3995 silly ADD node_modules/cross-spawn
3996 silly ADD node_modules/chalk
3997 silly ADD node_modules/ajv
3998 silly ADD node_modules/@ungap/structured-clone
3999 silly ADD node_modules/@nodelib/fs.walk
4000 silly ADD node_modules/@humanwhocodes/module-importer
4001 silly ADD node_modules/@humanwhocodes/config-array
4002 silly ADD node_modules/@eslint/js
4003 silly ADD node_modules/@eslint/eslintrc
4004 silly ADD node_modules/@eslint-community/regexpp
4005 silly ADD node_modules/@eslint-community/eslint-utils
4006 silly ADD node_modules/update-browserslist-db
4007 silly ADD node_modules/node-releases
4008 silly ADD node_modules/electron-to-chromium
4009 silly ADD node_modules/baseline-browser-mapping
4010 silly ADD node_modules/postcss-value-parser
4011 silly ADD node_modules/picocolors
4012 silly ADD node_modules/fraction.js
4013 silly ADD node_modules/caniuse-lite
4014 silly ADD node_modules/browserslist
4015 silly ADD node_modules/tslib
4016 silly ADD node_modules/csstype
4017 silly ADD node_modules/@types/prop-types
4018 silly ADD node_modules/undici-types
4019 silly ADD node_modules/@tanstack/query-core
4020 silly ADD node_modules/@radix-ui/react-use-effect-event
4021 silly ADD node_modules/@radix-ui/react-roving-focus
4022 silly ADD node_modules/@radix-ui/react-use-escape-keydown
4023 silly ADD node_modules/@radix-ui/react-use-callback-ref
4024 silly ADD node_modules/react-remove-scroll
4025 silly ADD node_modules/aria-hidden
4026 silly ADD node_modules/@radix-ui/react-portal
4027 silly ADD node_modules/@radix-ui/react-focus-scope
4028 silly ADD node_modules/@radix-ui/react-focus-guards
4029 silly ADD node_modules/@radix-ui/react-dismissable-layer
4030 silly ADD node_modules/@radix-ui/react-use-layout-effect
4031 silly ADD node_modules/@radix-ui/react-presence
4032 silly ADD node_modules/@radix-ui/react-use-controllable-state
4033 silly ADD node_modules/@radix-ui/react-primitive
4034 silly ADD node_modules/@radix-ui/react-primitive/node_modules/@radix-ui/react-slot
4035 silly ADD node_modules/@radix-ui/react-id
4036 silly ADD node_modules/@radix-ui/react-direction
4037 silly ADD node_modules/@radix-ui/react-context
4038 silly ADD node_modules/@radix-ui/react-compose-refs
4039 silly ADD node_modules/@radix-ui/react-collection
4040 silly ADD node_modules/@radix-ui/react-collection/node_modules/@radix-ui/react-slot
4041 silly ADD node_modules/@radix-ui/react-collapsible
4042 silly ADD node_modules/@radix-ui/primitive
4043 silly ADD node_modules/zustand
4044 silly ADD node_modules/zod
4045 silly ADD node_modules/typescript
4046 silly ADD node_modules/tailwindcss-animate
4047 silly ADD node_modules/tailwindcss
4048 silly ADD node_modules/tailwindcss/node_modules/resolve
4049 silly ADD node_modules/tailwind-merge
4050 silly ADD node_modules/next
4051 silly ADD node_modules/next/node_modules/postcss
4052 silly ADD node_modules/maplibre-gl
4053 silly ADD node_modules/lucide-react
4054 silly ADD node_modules/eslint-config-next
4055 silly ADD node_modules/eslint
4056 silly ADD node_modules/clsx
4057 silly ADD node_modules/class-variance-authority
4058 silly ADD node_modules/postcss
4059 silly ADD node_modules/autoprefixer
4060 silly ADD node_modules/@types/react-dom
4061 silly ADD node_modules/@types/react
4062 silly ADD node_modules/@types/node
4063 silly ADD node_modules/@types/geojson
4064 silly ADD node_modules/@tanstack/react-query
4065 silly ADD node_modules/@radix-ui/react-tabs
4066 silly ADD node_modules/@radix-ui/react-slot
4067 silly ADD node_modules/@radix-ui/react-dialog
4068 silly ADD node_modules/@radix-ui/react-dialog/node_modules/@radix-ui/react-slot
4069 silly ADD node_modules/react-dom
4070 silly ADD node_modules/react
4071 silly ADD node_modules/@radix-ui/react-accordion
4072 timing command:install Completed in 35660ms
4073 notice
4073 notice New major version of npm available! 10.2.3 -> 11.14.1
4073 notice Changelog: <https://github.com/npm/cli/releases/tag/v11.14.1>
4073 notice Run `npm install -g npm@11.14.1` to update!
4073 notice
4074 verbose exit 0
4075 timing npm Completed in 35770ms
4076 info ok
